name,problem,method,k,d4_time_s,d4_status,d4_result,model_count,kissat_time_s,kissat_status,kissat_result,d4_timeout,kissat_timeout,model_count_plus1,d4_speedup_vs_method_k0,kissat_speedup_vs_method_k0,models_ratio_vs_method_k0,tool_time_s,tool_runs,amortized_tool_time_s,total_d4_time_s,total_kissat_time_s,tool_share_total_d4,tool_share_total_kissat,d4_net_speedup_vs_method_k0,kissat_net_speedup_vs_method_k0
golf_g3_p3_w3_gen2_k00,golf_g3_p3_w3,gen2,0,251.521,s,sat,4354560.0,0.009,s,sat,False,False,4354561.0,1.0,1.0,1.0,0.0,1,0.0,251.521,0.009,0.0,0.0,1.0,1.0
golf_g3_p3_w3_gen2_k016,golf_g3_p3_w3,gen2,16,10.569,s,sat,255168.0,0.006,s,sat,False,False,255169.0,23.797994133787487,1.4999999999999998,0.0585978835978836,0.008374691009521484,1,0.008374691009521484,10.577374691009522,0.014374691009521484,0.0007917551617642647,0.5825997236374869,23.779151949092427,0.6261004145437696
golf_g3_p3_w3_gen2_k032,golf_g3_p3_w3,gen2,32,16.645,s,sat,176272.0,0.008,s,sat,False,False,176273.0,15.110904175428056,1.125,0.040479864785420344,0.02109074592590332,1,0.02109074592590332,16.666090745925903,0.02909074592590332,0.0012654884848181355,0.7249984575721536,15.091781500198861,0.3093767352313271
golf_g3_p3_w3_gen2_k048,golf_g3_p3_w3,gen2,48,17.946,s,sat,176214.0,0.005,s,sat,False,False,176215.0,14.015435194472303,1.7999999999999998,0.04046654541446208,0.05386066436767578,1,0.05386066436767578,17.999860664367677,0.05886066436767578,0.0029922822944011868,0.9150536261574067,13.973497055891556,0.152903472916668
golf_g3_p3_w3_gen2_k064,golf_g3_p3_w3,gen2,64,27.235,s,sat,176212.0,0.009,s,sat,False,False,176213.0,9.235212043326602,1.0,0.04046608612580835,0.07184553146362305,1,0.07184553146362305,27.306845531463622,0.08084553146362304,0.0026310447093144044,0.888676593040277,9.21091378754061,0.11132340695972302
golf_g3_p3_w3_gen2_k080,golf_g3_p3_w3,gen2,80,49.794,s,sat,176212.0,0.013,s,sat,False,False,176213.0,5.051231072016709,0.6923076923076923,0.04046608612580835,0.09556055068969727,1,0.09556055068969727,49.889560550689694,0.10856055068969726,0.0019154418205909853,0.8802511601368126,5.041555732775899,0.08290304298220669
golf_g3_p3_w3_neighbors_k00,golf_g3_p3_w3,neighbors,0,250.828,s,sat,4354560.0,0.007,s,sat,False,False,4354561.0,1.0,1.0,1.0,0.0,1,0.0,250.828,0.007,0.0,0.0,1.0,1.0
golf_g3_p3_w3_neighbors_k016,golf_g3_p3_w3,neighbors,16,0.945,s,sat,17712.0,0.006,s,sat,False,False,17713.0,265.426455026455,1.1666666666666667,0.004067460317460318,0.01440119743347168,1,0.01440119743347168,0.9594011974334716,0.020401197433471678,0.015010610234797326,0.7058996159629354,261.44224196404895,0.34311711470990885
golf_g3_p3_w3_neighbors_k032,golf_g3_p3_w3,neighbors,32,0.085,s,sat,432.0,0.007,s,sat,False,False,433.0,2950.917647058823,1.0,9.92063492063492e-05,0.031676530838012695,1,0.031676530838012695,0.1166765308380127,0.038676530838012695,0.2714901669641743,0.8190116887856926,2149.772522361295,0.18098831121430742
golf_g3_p3_w3_neighbors_k048,golf_g3_p3_w3,neighbors,48,0.087,s,sat,36.0,0.005,s,sat,False,False,37.0,2883.0804597701153,1.4,8.267195767195768e-06,0.06395101547241211,1,0.06395101547241211,0.1509510154724121,0.06895101547241211,0.4236540925032719,0.9274847518090499,1661.651623972291,0.10152134746733005
golf_g3_p3_w3_neighbors_k064,golf_g3_p3_w3,neighbors,64,0.073,s,sat,12.0,0.009,s,sat,False,False,13.0,3436.0000000000005,0.7777777777777779,2.7557319223985893e-06,0.09534740447998047,1,0.09534740447998047,0.16834740447998048,0.10434740447998046,0.5663728809749424,0.9137496515140758,1489.9427809700978,0.06708360437794102
golf_g3_p3_w3_neighbors_k080,golf_g3_p3_w3,neighbors,80,0.085,s,sat,12.0,0.009,s,sat,False,False,13.0,2950.917647058823,0.7777777777777779,2.7557319223985893e-06,0.16374707221984863,1,0.16374707221984863,0.24874707221984865,0.17274707221984864,0.658287435339641,0.9479007089130516,1008.3656372779824,0.040521670845404346
golf_g3_p3_w3_nongen_k00,golf_g3_p3_w3,nongen,0,173.392,s,sat,4354560.0,0.006,s,sat,False,False,4354561.0,1.0,1.0,1.0,0.0,1,0.0,173.392,0.006,0.0,0.0,1.0,1.0
golf_g3_p3_w3_nongen_k016,golf_g3_p3_w3,nongen,16,2.874,s,sat,47064.0,0.007,s,sat,False,False,47065.0,60.331245650661096,0.8571428571428571,0.010807980599647266,0.022103071212768555,1,0.022103071212768555,2.8961030712127687,0.029103071212768554,0.007632004341445175,0.7594755567608669,59.87079732193045,0.20616380849068555
golf_g3_p3_w3_nongen_k032,golf_g3_p3_w3,nongen,32,1.641,s,sat,12366.0,0.006,s,sat,False,False,12367.0,105.66240097501523,1.0,0.002839781746031746,0.027336835861206055,1,0.027336835861206055,1.668336835861206,0.03333683586120605,0.0163856814005396,0.8200189116633539,103.93105053662256,0.17998108833664617
golf_g3_p3_w3_nongen_k048,golf_g3_p3_w3,nongen,48,0.904,s,sat,5925.0,0.005,s,sat,False,False,5926.0,191.80530973451326,1.2,0.0013606426366843034,0.07970452308654785,1,0.07970452308654785,0.9837045230865479,0.08470452308654786,0.08102486185227728,0.9409712749944746,176.26431101074107,0.07083447000663033
golf_g3_p3_w3_nongen_k064,golf_g3_p3_w3,nongen,64,1.932,s,sat,5925.0,0.009,s,sat,False,False,5926.0,89.74741200828157,0.6666666666666667,0.0013606426366843034,0.1206822395324707,1,0.1206822395324707,2.0526822395324706,0.1296822395324707,0.058792460522266665,0.9305995945748105,84.47094083080908,0.04626693695012631
golf_g3_p3_w3_nongen_k080,golf_g3_p3_w3,nongen,80,1.936,s,sat,5925.0,0.01,s,sat,False,False,5926.0,89.56198347107438,0.6,0.0013606426366843034,0.15671300888061523,1,0.15671300888061523,2.092713008880615,0.16671300888061524,0.07488509328110904,0.9400166785594932,82.85512598440182,0.03598999286430405
golf_g3_p3_w3_randtrans_k00,golf_g3_p3_w3,randtrans,0,253.229,s,sat,4354560.0,0.005,s,sat,False,False,4354561.0,1.0,1.0,1.0,0.0,1,0.0,253.229,0.005,0.0,0.0,1.0,1.0
golf_g3_p3_w3_randtrans_k016,golf_g3_p3_w3,randtrans,16,2.659,s,sat,35436.0,0.007,s,sat,False,False,35437.0,95.234674689733,0.7142857142857143,0.008137676366843033,0.0,1,0.0,2.659,0.007,0.0,0.0,95.234674689733,0.7142857142857143
golf_g3_p3_w3_randtrans_k032,golf_g3_p3_w3,randtrans,32,2.14,s,sat,16288.0,0.008,s,sat,False,False,16289.0,118.33130841121495,0.625,0.0037404467960023514,0.021425247192382812,1,0.021425247192382812,2.161425247192383,0.029425247192382813,0.009912555255016787,0.7281246289047004,117.15834277819035,0.16992210693456225
golf_g3_p3_w3_randtrans_k048,golf_g3_p3_w3,randtrans,48,1.608,s,sat,5385.0,0.009,s,sat,False,False,5386.0,157.48072139303483,0.5555555555555556,0.0012366347001763669,0.06455349922180176,1,0.06455349922180176,1.6725534992218019,0.07355349922180175,0.038595775412766715,0.8776400838135471,151.40263083830877,0.06797773121469612
golf_g3_p3_w3_randtrans_k064,golf_g3_p3_w3,randtrans,64,1.903,s,sat,5385.0,0.009,s,sat,False,False,5386.0,133.0683131897005,0.5555555555555556,0.0012366347001763669,0.11181116104125977,1,0.11181116104125977,2.01481116104126,0.12081116104125976,0.05549461071253718,0.9255035716697873,125.68373895106407,0.04138690462789598
golf_g3_p3_w3_randtrans_k080,golf_g3_p3_w3,randtrans,80,2.099,s,sat,5385.0,0.005,s,sat,False,False,5386.0,120.64268699380656,1.0,0.0012366347001763669,0.12798786163330078,1,0.12798786163330078,2.226987861633301,0.13298786163330079,0.057471288388358285,0.9624025836749902,113.70919633763907,0.03759741632500974
golf_g3_p3_w3_satsuma_k00,golf_g3_p3_w3,satsuma,0,259.921,s,sat,4354560.0,0.006,s,sat,False,False,4354561.0,1.0,1.0,1.0,0.0,1,0.0,259.921,0.006,0.0,0.0,1.0,1.0
golf_g3_p3_w3_satsuma_k016,golf_g3_p3_w3,satsuma,16,43.196,s,sat,652962.0,0.004,s,sat,False,False,652963.0,6.017246967311788,1.5,0.14994901895943563,0.0,1,0.0,43.196,0.004,0.0,0.0,6.017246967311788,1.5
golf_g3_p3_w3_satsuma_k032,golf_g3_p3_w3,satsuma,32,16.314,s,sat,175848.0,0.004,s,sat,False,False,175849.0,15.932389358832904,1.5,0.040382495590828925,0.002004384994506836,1,0.002004384994506836,16.316004384994507,0.006004384994506836,0.00012284778474013083,0.3338201991278982,15.930432100094555,0.9992697013081527
golf_g3_p3_w3_satsuma_k048,golf_g3_p3_w3,satsuma,48,13.035,s,sat,153526.0,0.004,s,sat,False,False,153527.0,19.940237821250477,1.5,0.03525637492651382,0.0,1,0.0,13.035,0.004,0.0,0.0,19.940237821250477,1.5
golf_g3_p3_w3_satsuma_k064,golf_g3_p3_w3,satsuma,64,16.778,s,sat,144152.0,0.007,s,sat,False,False,144153.0,15.491774943378234,0.8571428571428571,0.033103689006466784,0.015821456909179688,1,0.015821456909179688,16.79382145690918,0.022821456909179687,0.0009420998639157589,0.6932711163946625,15.477180144312264,0.2629104716617178
golf_g3_p3_w3_satsuma_k080,golf_g3_p3_w3,satsuma,80,25.526,s,sat,143403.0,0.007,s,sat,False,False,143404.0,10.182598135234663,0.8571428571428571,0.032931685405643736,0.015722274780273438,1,0.015722274780273438,25.541722274780273,0.022722274780273437,0.0006155526479824545,0.6919322529240287,10.176330209989178,0.2640580689222612
golf_g4_p4_w6_gen2_k0,golf_g4_p4_w6,gen2,0,36004.9,n,,,36000.1,n,,True,True,,1.0,1.0,,0.011143684387207031,1,0.011143684387207031,36004.91114368439,36000.111143684386,3.0950456571705055e-07,3.0954583286507447e-07,1.0,1.0
golf_g4_p4_w6_gen2_k76,golf_g4_p4_w6,gen2,76,36001.8,n,,,27618.2,s,unsat,True,False,,1.0000861068057707,1.3034919002686634,,0.11102604866027832,1,0.11102604866027832,36001.91102604866,27618.31102604866,3.08389320166774e-06,4.020015871193655e-06,1.0000833321773823,1.303487063699525
golf_g4_p4_w6_gen2_k152,golf_g4_p4_w6,gen2,152,36004.5,n,,,36001.5,n,,True,True,,1.0000111097223958,0.999961112731414,,0.3961930274963379,1,0.3961930274963379,36004.896193027496,36001.896193027496,1.1003865290217456e-05,1.1004782230694527e-05,1.00000041523955,0.9999504179076141
golf_g4_p4_w6_gen2_k228,golf_g4_p4_w6,gen2,228,36003.0,n,,,36000.1,n,,True,True,,1.0000527733799962,1.0,,1.1113438606262207,1,1.1113438606262207,36004.111343860626,36001.211343860625,3.0867137644704724e-05,3.086962408046142e-05,1.0000222141248294,0.9999694399122927
golf_g4_p4_w6_gen2_k304,golf_g4_p4_w6,gen2,304,36000.5,n,,,4507.73,s,unsat,True,False,,1.0001222205247149,7.986303527496101,,1.5884027481079102,1,1.5884027481079102,36002.08840274811,4509.3184027481075,4.4119739120096835e-05,0.00035224896674847624,1.0000784049220897,7.9834928315873395
golf_g4_p4_w6_gen2_k380,golf_g4_p4_w6,gen2,380,36003.3,n,,,5905.86,s,unsat,True,False,,1.0000444403707438,6.095657533365166,,1.950840711593628,1,1.950840711593628,36005.2508407116,5907.810840711593,5.41821169424485e-05,0.0003302138074817998,0.9999905653475736,6.093646549344865
golf_g4_p4_w6_neighbors_k0,golf_g4_p4_w6,neighbors,0,36003.0,n,,,36002.2,n,,True,True,,1.0,1.0,,0.0,1,0.0,36003.0,36002.2,0.0,0.0,1.0,1.0
golf_g4_p4_w6_neighbors_k76,golf_g4_p4_w6,neighbors,76,0.612,s,unsat,0.0,4.333,s,unsat,False,False,1.0,58828.43137254902,8308.83914147242,,0.518867015838623,1,0.518867015838623,1.1308670158386231,4.851867015838623,0.4588223094064195,0.10694172246370591,31836.634631439014,7420.2775720095
golf_g4_p4_w6_neighbors_k152,golf_g4_p4_w6,neighbors,152,6.228,s,unsat,0.0,8.28,s,unsat,False,False,1.0,5780.82851637765,4348.091787439614,,1.9037296772003174,1,1.9037296772003174,8.131729677200317,10.183729677200317,0.23411128416356244,0.1869383553515224,4427.471328879136,3535.266659778191
golf_g4_p4_w6_neighbors_k228,golf_g4_p4_w6,neighbors,228,1.515,s,unsat,0.0,3.333,s,unsat,False,False,1.0,23764.356435643567,10801.740174017401,,4.382069826126099,1,4.382069826126099,5.897069826126098,7.715069826126099,0.7430927486583225,0.5679883558910612,6105.235491785093,4666.477531814831
golf_g4_p4_w6_neighbors_k304,golf_g4_p4_w6,neighbors,304,1.215,s,unsat,0.0,4.227,s,unsat,False,False,1.0,29632.098765432096,8517.198959072626,,7.281544923782349,1,7.281544923782349,8.496544923782348,11.508544923782349,0.8570006972364566,0.632707694326767,4237.3694628772455,3128.301643555445
golf_g4_p4_w6_neighbors_k380,golf_g4_p4_w6,neighbors,380,0.452,s,unsat,0.0,4.033,s,unsat,False,False,1.0,79652.65486725663,8926.903049838827,,10.539054155349731,1,10.539054155349731,10.991054155349731,14.572054155349733,0.958875646174485,0.7232373722328368,3275.663961902697,2470.6331458960967
golf_g4_p4_w6_nongen_k0,golf_g4_p4_w6,nongen,0,36005.8,n,,,36002.9,n,,True,True,,1.0,1.0,,0.015951156616210938,1,0.015951156616210938,36005.81595115662,36002.91595115662,4.430161126705014e-07,4.4305179718918004e-07,1.0,1.0
golf_g4_p4_w6_nongen_k76,golf_g4_p4_w6,nongen,76,36001.1,n,,,927.1,s,unsat,True,False,,1.00013055156648,38.83389062668537,,0.7067611217498779,1,0.7067611217498779,36001.80676112175,927.8067611217499,1.9631268131606865e-05,0.0007617546577213769,1.000111360800903,38.804325921949385
golf_g4_p4_w6_nongen_k152,golf_g4_p4_w6,nongen,152,36001.1,n,,,417.21,s,unsat,True,False,,1.00013055156648,86.294432060593,,2.109400987625122,1,2.109400987625122,36003.209400987624,419.3194009876251,5.8589248645351546e-05,0.005030535154483287,1.0000723977171024,85.86036292706412
golf_g4_p4_w6_nongen_k228,golf_g4_p4_w6,nongen,228,36003.4,n,,,295.864,s,unsat,True,False,,1.000066660370965,121.68732931346837,,5.09728217124939,1,5.09728217124939,36008.49728217125,300.96128217124937,0.0001415577587508265,0.01693667083844026,0.9999255361590454,119.62640407237059
golf_g4_p4_w6_nongen_k304,golf_g4_p4_w6,nongen,304,36002.0,n,,,595.053,s,unsat,True,False,,1.000105549691684,60.503686226268925,,8.48428201675415,1,8.48428201675415,36010.484282016754,603.5372820167541,0.00023560588495032011,0.0140575939043955,0.999870361897286,59.653176405028084
golf_g4_p4_w6_nongen_k380,golf_g4_p4_w6,nongen,380,36001.7,n,,,610.27,s,unsat,True,False,,1.0001138835110566,58.99503498451506,,11.25997543334961,1,11.25997543334961,36012.95997543335,621.5299754333496,0.00031266453635110056,0.018116544460303485,0.9998016262956002,57.92627447462094
golf_g4_p4_w6_randtrans_k0,golf_g4_p4_w6,randtrans,0,36003.7,n,,,36004.1,n,,True,True,,1.0,1.0,,0.0,1,0.0,36003.7,36004.1,0.0,0.0,1.0,1.0
golf_g4_p4_w6_randtrans_k76,golf_g4_p4_w6,randtrans,76,36005.4,n,,,627.391,s,unsat,True,False,,0.9999527848600487,57.38702021546372,,0.7936387062072754,1,0.7936387062072754,36006.19363870621,628.1846387062072,2.2041727436418706e-05,0.0012633844530834646,0.9999307441733155,57.31451834631472
golf_g4_p4_w6_randtrans_k152,golf_g4_p4_w6,randtrans,152,2076.13,s,unsat,0.0,298.288,s,unsat,False,False,1.0,17.341736789122066,120.70247545995815,,2.705904722213745,1,2.705904722213745,2078.835904722214,300.99390472221376,0.0013016442115835612,0.008989898731374695,17.3191640178117,119.6173724289469
golf_g4_p4_w6_randtrans_k228,golf_g4_p4_w6,randtrans,228,1224.89,s,unsat,0.0,360.254,s,unsat,False,False,1.0,29.39341491889067,99.94087504927079,,4.881124496459961,1,4.881124496459961,1229.77112449646,365.13512449646,0.003969132466383594,0.013367994939383827,29.276748561438218,98.60486593737454
golf_g4_p4_w6_randtrans_k304,golf_g4_p4_w6,randtrans,304,2041.57,s,unsat,0.0,209.581,s,unsat,False,False,1.0,17.635300283605265,171.79085890419455,,11.578459024429321,1,11.578459024429321,2053.148459024429,221.1594590244293,0.00563936766166969,0.05235344251384863,17.53584834148207,162.79701604814912
golf_g4_p4_w6_randtrans_k380,golf_g4_p4_w6,randtrans,380,975.003,s,unsat,0.0,289.643,s,unsat,False,False,1.0,36.926758174077406,124.30509282116262,,11.191368579864502,1,11.191368579864502,986.1943685798645,300.8343685798645,0.011348035373574735,0.0372010971774771,36.507712016086536,119.68080698346724
golf_g4_p4_w6_satsuma_k0,golf_g4_p4_w6,satsuma,0,36000.2,n,,,36002.7,n,,True,True,,1.0,1.0,,0.0,1,0.0,36000.2,36002.7,0.0,0.0,1.0,1.0
golf_g4_p4_w6_satsuma_k76,golf_g4_p4_w6,satsuma,76,36001.4,n,,,36001.7,n,,True,True,,0.9999666679629124,1.0000277764661114,,0.01601719856262207,1,0.01601719856262207,36001.416017198564,36001.71601719856,4.449046824983314e-07,4.4490097513603e-07,0.9999662230730595,1.0000273315527783
golf_g4_p4_w6_satsuma_k152,golf_g4_p4_w6,satsuma,152,36000.3,n,,,25185.0,s,unsat,True,False,,0.99999722224537,1.429529481834425,,0.019278764724731445,1,0.019278764724731445,36000.31927876473,25185.019278764725,5.355164929357524e-07,7.654854066753381e-07,0.9999966867303646,1.4295283875504683
golf_g4_p4_w6_satsuma_k228,golf_g4_p4_w6,satsuma,228,36000.2,n,,,28273.1,s,unsat,True,False,,1.0,1.2733906080337847,,0.028473615646362305,1,0.028473615646362305,36000.22847361564,28273.128473615645,7.909287483336516e-07,1.0070910855490843e-06,0.9999992090712516,1.273389325613455
golf_g4_p4_w6_satsuma_k304,golf_g4_p4_w6,satsuma,304,36001.2,n,,,14961.4,s,unsat,True,False,,0.9999722231481173,2.4063723983049714,,0.06928229331970215,1,0.06928229331970215,36001.26928229332,14961.46928229332,1.9244402961586025e-06,4.630714538290483e-06,0.999970298761276,2.406361255081322
golf_g4_p4_w6_satsuma_k380,golf_g4_p4_w6,satsuma,380,36000.2,n,,,14448.5,s,unsat,True,False,,1.0,2.491794996020348,,0.10022139549255371,1,0.10022139549255371,36000.30022139549,14448.600221395493,2.7839044362466375e-06,6.936408645603318e-06,0.9999972160955638,2.4917777119119946
golf_g5_p3_w6_gen2_k0,golf_g5_p3_w6,gen2,0,36002.2,n,,,3.613,s,sat,True,False,,1.0,1.0,,0.01586127281188965,1,0.01586127281188965,36002.21586127281,3.6288612728118896,4.405637939900096e-07,0.0043708677790262425,1.0,1.0
golf_g5_p3_w6_gen2_k90,golf_g5_p3_w6,gen2,90,36004.1,n,,,2.292,s,sat,True,False,,0.9999472282323402,1.5763525305410124,,0.1398606300354004,1,0.1398606300354004,36004.239860630034,2.4318606300354,3.8845600011774e-06,0.05751177855671954,0.9999437844163616,1.4922159715867702
golf_g5_p3_w6_gen2_k180,golf_g5_p3_w6,gen2,180,36005.8,n,,,2.774,s,sat,True,False,,0.9999000161085156,1.302451333813987,,0.5075957775115967,1,0.5075957775115967,36006.307595777515,3.2815957775115967,1.409741268696829e-05,0.1546795559008495,0.9998863606190715,1.1058221422882317
golf_g5_p3_w6_gen2_k270,golf_g5_p3_w6,gen2,270,36002.8,n,,,2.674,s,sat,True,False,,0.9999833346295286,1.3511593118922962,,1.1143608093261719,1,1.1143608093261719,36003.91436080933,3.788360809326172,3.095110154298018e-05,0.29415382151109865,0.9999528245868075,0.9578974800600759
golf_g5_p3_w6_gen2_k360,golf_g5_p3_w6,gen2,360,36005.0,n,,,1.681,s,sat,True,False,,0.9999222330231912,2.1493158834027364,,1.7938358783721924,1,1.7938358783721924,36006.79383587837,3.4748358783721924,4.9819372603643325e-05,0.5162361450039262,0.9998728580326693,1.044325947996097
golf_g5_p3_w6_gen2_k450,golf_g5_p3_w6,gen2,450,36000.9,n,,,3.71,s,sat,True,False,,1.0000361102083557,0.9738544474393531,,2.807722806930542,1,2.807722806930542,36003.70772280693,6.517722806930542,7.798426841333234e-05,0.43078278872875414,0.9999585636694529,0.5567682732615115
golf_g5_p3_w6_neighbors_k0,golf_g5_p3_w6,neighbors,0,36001.2,n,,,3.743,s,sat,True,False,,1.0,1.0,,0.0,1,0.0,36001.2,3.743,0.0,0.0,1.0,1.0
golf_g5_p3_w6_neighbors_k90,golf_g5_p3_w6,neighbors,90,36006.2,n,,,2.761,s,sat,True,False,,0.9998611350267453,1.3556682361463237,,0.7448132038116455,1,0.7448132038116455,36006.94481320381,3.5058132038116456,2.068526523634744e-05,0.2124509095355845,0.9998404526339678,1.0676552863485358
golf_g5_p3_w6_neighbors_k180,golf_g5_p3_w6,neighbors,180,36003.2,n,,,2.231,s,sat,True,False,,0.9999444493822771,1.6777229941730167,,2.8631277084350586,1,2.8631277084350586,36006.06312770843,5.0941277084350585,7.95179328070372e-05,0.5620447449117104,0.9998649358667404,0.7347676018805324
golf_g5_p3_w6_neighbors_k270,golf_g5_p3_w6,neighbors,270,36010.5,n,,,2.617,s,sat,True,False,,0.9997417419919189,1.4302636606801682,,6.305211544036865,1,6.305211544036865,36016.80521154404,8.922211544036866,0.00017506304368206238,0.7066870711276662,0.9995667241596699,0.4195148233737658
golf_g5_p3_w6_neighbors_k360,golf_g5_p3_w6,neighbors,360,36004.7,n,,,3.076,s,sat,True,False,,0.9999027904690221,1.2168400520156046,,10.927559614181519,1,10.927559614181519,36015.62755961418,14.003559614181519,0.00030341161197577037,0.7803415642345028,0.9995994083515468,0.2672891824025538
golf_g5_p3_w6_neighbors_k450,golf_g5_p3_w6,neighbors,450,36010.3,n,,,3.596,s,sat,True,False,,0.9997472945240665,1.0408787541713014,,15.57660460472107,1,15.57660460472107,36025.876604604724,19.17260460472107,0.0004323726741108671,0.8124407155867326,0.9993150311128981,0.1952264742933426
golf_g5_p3_w6_nongen_k0,golf_g5_p3_w6,nongen,0,36000.6,n,,,3.973,s,sat,True,False,,1.0,1.0,,0.011781454086303711,1,0.011781454086303711,36000.611781454085,3.9847814540863036,3.272570521252362e-07,0.0029566123568011728,1.0,1.0
golf_g5_p3_w6_nongen_k90,golf_g5_p3_w6,nongen,90,36001.1,n,,,2.284,s,sat,True,False,,0.9999861115354809,1.7394921190893171,,0.9880614280700684,1,0.9880614280700684,36002.08806142807,3.272061428070068,2.744455894847549e-05,0.3019690949545676,0.999958994601328,1.2178198795114348
golf_g5_p3_w6_nongen_k180,golf_g5_p3_w6,nongen,180,36006.6,n,,,2.288,s,sat,True,False,,0.999833363883288,1.736451048951049,,3.6027865409851074,1,3.6027865409851074,36010.202786540984,5.890786540985108,0.00010004904894153135,0.6115968582325543,0.9997336586760216,0.6764430227376622
golf_g5_p3_w6_nongen_k270,golf_g5_p3_w6,nongen,270,36002.6,n,,,4.893,s,sat,True,False,,0.9999444484565003,0.811976292662988,,7.025224685668945,1,7.025224685668945,36009.62522468567,11.918224685668946,0.00019509296866697032,0.5894522775792621,0.9997496935006864,0.3343435418597032
golf_g5_p3_w6_nongen_k360,golf_g5_p3_w6,nongen,360,36002.6,n,,,2.533,s,sat,True,False,,0.9999444484565003,1.5684958547177261,,11.199583053588867,1,11.199583053588867,36013.79958305359,13.732583053588867,0.0003109803237439814,0.8155481754513746,0.9996338125454081,0.29016984193989076
golf_g5_p3_w6_nongen_k450,golf_g5_p3_w6,nongen,450,36001.6,n,,,5.115,s,sat,True,False,,0.9999722234567353,0.776735092864125,,15.303152561187744,1,15.303152561187744,36016.903152561186,20.418152561187746,0.00042488807259098086,0.749487619672166,0.9995476742950915,0.19515876581610303
golf_g5_p3_w6_randtrans_k0,golf_g5_p3_w6,randtrans,0,36002.2,n,,,2.454,s,sat,True,False,,1.0,1.0,,0.01780843734741211,1,0.01780843734741211,36002.217808437345,2.4718084373474123,4.94648342004047e-07,0.007204618723011963,1.0,1.0
golf_g5_p3_w6_randtrans_k90,golf_g5_p3_w6,randtrans,90,36004.9,n,,,2.735,s,sat,True,False,,0.9999250102069439,0.8972577696526509,,0.9591841697692871,1,0.9591841697692871,36005.85918416977,3.694184169769287,2.6639668973404172e-05,0.2596470900445635,0.9998988671339906,0.6691080692660172
golf_g5_p3_w6_randtrans_k180,golf_g5_p3_w6,randtrans,180,36000.9,n,,,4.839,s,sat,True,False,,1.0000361102083557,0.5071295722256665,,3.0944998264312744,1,3.0944998264312744,36003.99449982643,7.933499826431275,8.594879177770656e-05,0.390054817436515,0.9999506529368819,0.3115659534159599
golf_g5_p3_w6_randtrans_k270,golf_g5_p3_w6,randtrans,270,36002.3,n,,,3.192,s,sat,True,False,,0.9999972223996798,0.768796992481203,,5.924046754837036,1,5.924046754837036,36008.22404675484,9.116046754837036,0.00016451927057399343,0.6498482197553119,0.9998331981519084,0.27114916189255545
golf_g5_p3_w6_randtrans_k360,golf_g5_p3_w6,randtrans,360,36002.2,n,,,5.095,s,sat,True,False,,1.0,0.48164867517173704,,10.834908485412598,1,10.834908485412598,36013.03490848541,15.929908485412597,0.000300860744254011,0.6801613766541337,0.9996996337555123,0.15516777385199088
golf_g5_p3_w6_randtrans_k450,golf_g5_p3_w6,randtrans,450,36001.3,n,,,2.593,s,sat,True,False,,1.0000249990972547,0.9463941380640186,,15.962146043777466,1,15.962146043777466,36017.26214604378,18.555146043777466,0.00044318043884217847,0.8602544009148572,0.9995823020210299,0.1332141731202564
golf_g5_p3_w6_satsuma_k0,golf_g5_p3_w6,satsuma,0,36000.4,n,,,4.041,s,sat,True,False,,1.0,1.0,,0.0,1,0.0,36000.4,4.041,0.0,0.0,1.0,1.0
golf_g5_p3_w6_satsuma_k90,golf_g5_p3_w6,satsuma,90,36001.3,n,,,1.239,s,sat,True,False,,0.9999750009027452,3.261501210653753,,0.019840717315673828,1,0.019840717315673828,36001.31984071732,1.258840717315674,5.511108315877373e-07,0.015761102292577385,0.9999744498056908,3.2100963564452742
golf_g5_p3_w6_satsuma_k180,golf_g5_p3_w6,satsuma,180,36001.2,n,,,1.637,s,sat,True,False,,0.9999777785184939,2.468540012217471,,0.08004021644592285,1,0.08004021644592285,36001.28004021644,1.7170402164459229,2.223260293981526e-06,0.04661522524591588,0.9999755553076041,2.353468463519398
golf_g5_p3_w6_satsuma_k270,golf_g5_p3_w6,satsuma,270,36000.5,n,,,4.113,s,sat,True,False,,0.999997222260802,0.9824945295404813,,0.2720034122467041,1,0.2720034122467041,36000.77200341225,4.3850034122467045,7.555488316220633e-06,0.062030376415908,0.9999896667934729,0.9215500240465149
golf_g5_p3_w6_satsuma_k360,golf_g5_p3_w6,satsuma,360,36000.6,n,,,1.544,s,sat,True,False,,0.9999944445370356,2.6172279792746114,,0.42847752571105957,1,0.42847752571105957,36001.02847752571,1.9724775257110596,1.1901813471205258e-05,0.2172280901180851,0.9999825427896845,2.0486925439331727
golf_g5_p3_w6_satsuma_k450,golf_g5_p3_w6,satsuma,450,36002.1,n,,,4.612,s,sat,True,False,,0.9999527805322468,0.8761925411968777,,0.8134274482727051,1,0.8134274482727051,36002.91342744827,5.425427448272705,2.259337844732743e-05,0.14992873022966627,0.9999301882206468,0.7448261060585253
golf_g5_p4_w4_gen2_k0,golf_g5_p4_w4,gen2,0,36009.0,n,,,4.103,s,sat,True,False,,1.0,1.0,,0.02063441276550293,1,0.02063441276550293,36009.020634412766,4.123634412765503,5.730345452878889e-07,0.005003938443627578,1.0,1.0
golf_g5_p4_w4_gen2_k80,golf_g5_p4_w4,gen2,80,36005.1,n,,,5.002,s,sat,True,False,,1.000108317988285,0.8202718912435026,,0.14740490913391113,1,0.14740490913391113,36005.24740490913,5.149404909133911,4.093984065050841e-06,0.028625620190101436,1.0001047966553653,0.8007982447546672
golf_g5_p4_w4_gen2_k160,golf_g5_p4_w4,gen2,160,36005.5,n,,,4.871,s,sat,True,False,,1.000097207371096,0.8423321699856291,,0.7048568725585938,1,0.7048568725585938,36006.20485687256,5.575856872558594,1.957598351063252e-05,0.12641229656154282,1.0000782025640136,0.7395516970781372
golf_g5_p4_w4_gen2_k240,golf_g5_p4_w4,gen2,240,36010.6,n,,,5.513,s,sat,True,False,,0.9999555686381233,0.7442408851804825,,1.3708477020263672,1,1.3708477020263672,36011.970847702025,6.883847702026367,3.806644484479368e-05,0.19913974878073448,0.999918076872223,0.5990304537899127
golf_g5_p4_w4_gen2_k320,golf_g5_p4_w4,gen2,320,36008.1,n,,,5.857,s,sat,True,False,,1.0000249943762654,0.7005292812019804,,3.5941264629364014,1,3.5941264629364014,36011.694126462935,9.4511264629364,9.980442603768767e-05,0.3802855116827768,0.9999257604476818,0.43631142054196126
golf_g5_p4_w4_gen2_k400,golf_g5_p4_w4,gen2,400,23750.0,n,,,3.601,s,sat,True,False,,1.5161684210526316,1.1394057206331574,,3.1295390129089355,1,3.1295390129089355,23753.12953901291,6.7305390129089355,0.00013175270263940923,0.46497598586184413,1.515969530468412,0.6126752114290576
golf_g5_p4_w4_neighbors_k0,golf_g5_p4_w4,neighbors,0,36003.6,n,,,3.977,s,sat,True,False,,1.0,1.0,,0.0,1,0.0,36003.6,3.977,0.0,0.0,1.0,1.0
golf_g5_p4_w4_neighbors_k80,golf_g5_p4_w4,neighbors,80,35078.4,n,,,4.812,s,sat,True,False,,1.0263752052545154,0.8264754779717373,,0.6767311096191406,1,0.6767311096191406,35079.07673110962,5.488731109619141,1.9291588396309945e-05,0.12329463697595827,1.0263554048465156,0.7245754839456803
golf_g5_p4_w4_neighbors_k160,golf_g5_p4_w4,neighbors,160,12496.2,n,,,4.903,s,sat,True,False,,2.8811638738176404,0.8111360391596982,,2.8911001682281494,1,2.8911001682281494,12499.091100168229,7.794100168228149,0.00023130483209209005,0.37093443833496303,2.880497446691577,0.510257748060749
golf_g5_p4_w4_neighbors_k240,golf_g5_p4_w4,neighbors,240,6671.26,n,,,4.436,s,sat,True,False,,5.396821589924541,0.8965284039675383,,5.607578754425049,1,5.607578754425049,6676.867578754425,10.043578754425049,0.0008398517251215497,0.5583247656573046,5.39228906000207,0.3959743929172451
golf_g5_p4_w4_neighbors_k320,golf_g5_p4_w4,neighbors,320,5325.0,n,,,5.683,s,sat,True,False,,6.761239436619718,0.6998064402604258,,9.29016637802124,1,9.29016637802124,5334.290166378021,14.97316637802124,0.0017415937431707537,0.620454361053388,6.749464104320822,0.2656084825075974
golf_g5_p4_w4_neighbors_k400,golf_g5_p4_w4,neighbors,400,7242.75,n,,,5.354,s,sat,True,False,,4.97098477788133,0.7428091146806126,,14.30222773551941,1,14.30222773551941,7257.052227735519,19.65622773551941,0.0019708040243748195,0.727618133446574,4.961187941075975,0.2023277331496032
golf_g5_p4_w4_nongen_k0,golf_g5_p4_w4,nongen,0,36002.6,n,,,2.491,s,sat,True,False,,1.0,1.0,,0.010361671447753906,1,0.010361671447753906,36002.610361671446,2.501361671447754,2.878033382486341e-07,0.004142412337259775,1.0,1.0
golf_g5_p4_w4_nongen_k80,golf_g5_p4_w4,nongen,80,36013.9,n,,,3.175,s,sat,True,False,,0.9996862322603216,0.7845669291338584,,2.201345443725586,1,2.201345443725586,36016.10134544373,5.376345443725586,6.112114752820326e-05,0.4094501491333013,0.99962541798617,0.46525315339752676
golf_g5_p4_w4_nongen_k160,golf_g5_p4_w4,nongen,160,29207.4,n,,,4.748,s,sat,True,False,,1.2326533686668446,0.5246419545071609,,3.9361166954040527,1,3.9361166954040527,29211.336116695406,8.684116695404054,0.00013474620536629305,0.4532546986024712,1.2324876280169383,0.28803869860150133
golf_g5_p4_w4_nongen_k240,golf_g5_p4_w4,nongen,240,32561.5,n,,,7.573,s,sat,True,False,,1.1056800208835587,0.32893173115013863,,7.004846811294556,1,7.004846811294556,32568.504846811295,14.577846811294556,0.00021508039267514558,0.48051313077781643,1.105442528940544,0.17158649722603483
golf_g5_p4_w4_nongen_k320,golf_g5_p4_w4,nongen,320,36010.9,n,,,6.641,s,sat,True,False,,0.9997695142304135,0.3750941123324801,,13.04477071762085,1,13.04477071762085,36023.94477071762,19.685770717620848,0.0003621138884330182,0.6626497333906465,0.9994077714369716,0.1270644521531875
golf_g5_p4_w4_nongen_k400,golf_g5_p4_w4,nongen,400,35948.5,n,,,5.833,s,sat,True,False,,1.0015049306647008,0.4270529744556832,,51.43128418922424,1,51.43128418922424,35999.931284189224,57.26428418922424,0.0014286495100009344,0.8981389520084557,1.0000744189609996,0.043681008273538324
golf_g5_p4_w4_randtrans_k0,golf_g5_p4_w4,randtrans,0,36007.7,n,,,3.757,s,sat,True,False,,1.0,1.0,,0.015826940536499023,1,0.015826940536499023,36007.71582694053,3.772826940536499,4.3954303051507365e-07,0.004194981849405586,1.0,1.0
golf_g5_p4_w4_randtrans_k80,golf_g5_p4_w4,randtrans,80,36004.8,n,,,5.535,s,sat,True,False,,1.0000805448162466,0.6787714543812104,,0.8272650241851807,1,0.8272650241851807,36005.62726502419,6.362265024185181,2.2975992560717993e-05,0.13002680979815504,1.0000580065416156,0.5930005943158093
golf_g5_p4_w4_randtrans_k160,golf_g5_p4_w4,randtrans,160,31442.5,n,,,6.153,s,sat,True,False,,1.1451920171742067,0.6105964570128394,,2.997340679168701,1,2.997340679168701,31445.49734067917,9.1503406791687,9.531859670386641e-05,0.3275660201365319,1.1450833623915846,0.4123154615571381
golf_g5_p4_w4_randtrans_k240,golf_g5_p4_w4,randtrans,240,36004.5,n,,,5.654,s,sat,True,False,,1.0000888777791663,0.6644853201273435,,6.157760143280029,1,6.157760143280029,36010.65776014328,11.81176014328003,0.00017099826902066363,0.5213245162943234,0.9999183038193209,0.3194127627695643
golf_g5_p4_w4_randtrans_k320,golf_g5_p4_w4,randtrans,320,36009.7,n,,,6.073,s,sat,True,False,,0.999944459409548,0.6186398814424502,,10.051170587539673,1,10.051170587539673,36019.75117058754,16.124170587539673,0.000279046086130298,0.6233604719679007,0.9996658682179673,0.23398579914876605
golf_g5_p4_w4_randtrans_k400,golf_g5_p4_w4,randtrans,400,31433.8,n,,,5.989,s,sat,True,False,,1.1455089744160742,0.6273167473701787,,15.798280000686646,1,15.798280000686646,31449.598280000686,21.787280000686646,0.0005023364642063816,0.7251148376570525,1.1449340467359301,0.1731664962499952
golf_g5_p4_w4_satsuma_k0,golf_g5_p4_w4,satsuma,0,36002.4,n,,,1.868,s,sat,True,False,,1.0,1.0,,0.0,1,0.0,36002.4,1.868,0.0,0.0,1.0,1.0
golf_g5_p4_w4_satsuma_k80,golf_g5_p4_w4,satsuma,80,36002.2,n,,,2.603,s,sat,True,False,,1.0000055552160703,0.7176334998079139,,0.027129411697387695,1,0.027129411697387695,36002.227129411694,2.630129411697388,7.535481513371312e-07,0.010314858111821722,1.0000048016637328,0.7102312120811053
golf_g5_p4_w4_satsuma_k160,golf_g5_p4_w4,satsuma,160,36004.9,n,,,4.979,s,sat,True,False,,0.9999305650064296,0.3751757381000201,,0.015760421752929688,1,0.015760421752929688,36004.915760421754,4.99476042175293,4.377297216246861e-07,0.003155390934125827,0.9999301273071018,0.37399191197731535
golf_g5_p4_w4_satsuma_k240,golf_g5_p4_w4,satsuma,240,36003.8,n,,,5.007,s,sat,True,False,,0.999961115215616,0.37307769123227486,,0.033115386962890625,1,0.033115386962890625,36003.833115386966,5.04011538696289,9.197739267583177e-07,0.006570362862832301,0.9999601954774545,0.37062643542485113
golf_g5_p4_w4_satsuma_k320,golf_g5_p4_w4,satsuma,320,36004.0,n,,,2.307,s,sat,True,False,,0.9999555604932786,0.8097095795405289,,0.031214237213134766,1,0.031214237213134766,36004.03121423721,2.3382142372131347,8.669650636451954e-07,0.01334960531689274,0.9999546935667424,0.7989002762323557
golf_g5_p4_w4_satsuma_k400,golf_g5_p4_w4,satsuma,400,36004.8,n,,,4.829,s,sat,True,False,,0.9999333422210371,0.38682957133982193,,0.0789334774017334,1,0.0789334774017334,36004.878933477405,4.907933477401733,2.1922994810667423e-06,0.016082833592830376,0.99993115006769,0.3806082557151777
golf_g6_p2_w3_gen2_k0,golf_g6_p2_w3,gen2,0,12011.9,n,,,0.02,s,sat,True,False,,1.0,1.0,,0.0,1,0.0,12011.9,0.02,0.0,0.0,1.0,1.0
golf_g6_p2_w3_gen2_k44,golf_g6_p2_w3,gen2,44,5819.13,n,,,0.012,s,sat,True,False,,2.0642089109540427,1.6666666666666667,,0.03236556053161621,1,0.03236556053161621,5819.162365560532,0.04436556053161621,5.561893361691514e-06,0.7295199281557946,2.064197430044204,0.4508001197403425
golf_g6_p2_w3_gen2_k88,golf_g6_p2_w3,gen2,88,6521.29,n,,,0.014,s,sat,True,False,,1.8419515157277164,1.4285714285714286,,0.15741801261901855,1,0.15741801261901855,6521.447418012619,0.17141801261901857,2.413850829866707e-05,0.9183283029239441,1.8419070537657682,0.11667385296579405
golf_g6_p2_w3_gen2_k132,golf_g6_p2_w3,gen2,132,3009.7,n,,,0.011,s,sat,True,False,,3.9910622321161577,1.8181818181818183,,0.2858083248138428,1,0.2858083248138428,3009.9858083248137,0.2968083248138428,9.495337952204744e-05,0.9629390448974126,3.9906832672693358,0.06738355473197706
golf_g6_p2_w3_gen2_k176,golf_g6_p2_w3,gen2,176,4351.48,n,,,0.024,s,sat,True,False,,2.76041714543098,0.8333333333333334,,0.39399290084838867,1,0.39399290084838867,4351.873992900848,0.4179929008483887,9.053407830537003e-05,0.9425827569049908,2.76016723360898,0.04784770257917431
golf_g6_p2_w3_gen2_k220,golf_g6_p2_w3,gen2,220,4620.61,n,,,0.014,s,sat,True,False,,2.599635113112771,1.4285714285714286,,0.6048219203948975,1,0.6048219203948975,4621.214821920395,0.6188219203948975,0.00013087942104010592,0.9773763670313004,2.599294874374251,0.03231947566957085
golf_g6_p2_w3_neighbors_k0,golf_g6_p2_w3,neighbors,0,12252.5,n,,,0.005,s,sat,True,False,,1.0,1.0,,0.0,1,0.0,12252.5,0.005,0.0,0.0,1.0,1.0
golf_g6_p2_w3_neighbors_k44,golf_g6_p2_w3,neighbors,44,8293.95,n,,,0.007,s,sat,True,False,,1.4772816329975462,0.7142857142857143,,0.15237736701965332,1,0.15237736701965332,8294.10237736702,0.15937736701965333,1.8371773108981785e-05,0.95607908368108,1.4772544927145668,0.03137208308494289
golf_g6_p2_w3_neighbors_k88,golf_g6_p2_w3,neighbors,88,4652.92,n,,,0.012,s,sat,True,False,,2.6332926420398373,0.4166666666666667,,0.48059582710266113,1,0.48059582710266113,4653.400595827103,0.49259582710266114,0.00010327841268031627,0.9756392577042697,2.633020679755645,0.010150309289887586
golf_g6_p2_w3_neighbors_k132,golf_g6_p2_w3,neighbors,132,3786.6,n,,,0.016,s,sat,True,False,,3.2357523900068665,0.3125,,1.0824980735778809,1,1.0824980735778809,3787.682498073578,1.0984980735778809,0.00028579430143060863,0.9854346581165254,3.234827630412962,0.004551669338585793
golf_g6_p2_w3_neighbors_k176,golf_g6_p2_w3,neighbors,176,5029.4,n,,,0.053,s,sat,True,False,,2.4361752892989226,0.09433962264150944,,1.790386438369751,1,1.790386438369751,5031.190386438369,1.843386438369751,0.0003558574215747744,0.9712485679091402,2.4353083582419686,0.002712399253854708
golf_g6_p2_w3_neighbors_k220,golf_g6_p2_w3,neighbors,220,4012.58,n,,,0.039,s,sat,True,False,,3.053521674334219,0.12820512820512822,,2.446943998336792,1,2.446943998336792,4015.0269439983367,2.485943998336792,0.0006094464700901907,0.9843117946236549,3.051660716328452,0.0020113083815827
golf_g6_p2_w3_nongen_k0,golf_g6_p2_w3,nongen,0,11391.1,n,,,0.009,s,sat,True,False,,1.0,1.0,,0.0,1,0.0,11391.1,0.009,0.0,0.0,1.0,1.0
golf_g6_p2_w3_nongen_k44,golf_g6_p2_w3,nongen,44,5978.56,n,,,0.013,s,sat,True,False,,1.9053250281004122,0.6923076923076923,,0.1708381175994873,1,0.1708381175994873,5978.7308381176,0.18383811759948732,2.8574311542895212e-05,0.9292856118755414,1.9052705847494686,0.048956114855394375
golf_g6_p2_w3_nongen_k88,golf_g6_p2_w3,nongen,88,10307.3,n,,,0.024,s,sat,True,False,,1.105148778050508,0.37499999999999994,,0.5431544780731201,1,0.5431544780731201,10307.843154478072,0.5671544780731201,5.26933200217696e-05,0.9576834867256292,1.1050905440922745,0.015868692477889027
golf_g6_p2_w3_nongen_k132,golf_g6_p2_w3,nongen,132,3087.96,n,,,0.032,s,sat,True,False,,3.688875503568699,0.28125,,0.9850466251373291,1,0.9850466251373291,3088.9450466251374,1.0170466251373291,0.00031889418887964783,0.9685363490629753,3.6876991426071104,0.008849151826038215
golf_g6_p2_w3_nongen_k176,golf_g6_p2_w3,nongen,176,4427.51,n,,,0.049,s,sat,True,False,,2.57280051315525,0.18367346938775508,,1.6418428421020508,1,1.6418428421020508,4429.151842842102,1.6908428421020507,0.00037069012315651647,0.9710203699717691,2.571846801416171,0.005322789188858751
golf_g6_p2_w3_nongen_k220,golf_g6_p2_w3,nongen,220,5602.02,n,,,0.045,s,sat,True,False,,2.033391526627895,0.19999999999999998,,2.475869655609131,1,2.475869655609131,5604.49586965561,2.520869655609131,0.00044176491752170215,0.9821490175424693,2.032493245587845,0.0035701964915061356
golf_g6_p2_w3_randtrans_k0,golf_g6_p2_w3,randtrans,0,8807.25,n,,,0.009,s,sat,True,False,,1.0,1.0,,0.006644248962402344,1,0.006644248962402344,8807.256644248962,0.015644248962402345,7.544061937539838e-07,0.4247087206532187,1.0,1.0
golf_g6_p2_w3_randtrans_k44,golf_g6_p2_w3,randtrans,44,9586.95,n,,,0.014,s,sat,True,False,,0.9186706929732604,0.6428571428571428,,0.14934158325195312,1,0.14934158325195312,9587.099341583253,0.16334158325195314,1.5577348051896816e-05,0.9142900434704057,0.9186570755607186,0.09577627846468961
golf_g6_p2_w3_randtrans_k88,golf_g6_p2_w3,randtrans,88,8209.09,n,,,0.027,s,sat,True,False,,1.072865567316231,0.3333333333333333,,0.5795984268188477,1,0.5795984268188477,8209.669598426819,0.6065984268188477,7.059948270389754e-05,0.9554894988079763,1.0727906328820658,0.025790124521826836
golf_g6_p2_w3_randtrans_k132,golf_g6_p2_w3,randtrans,132,5294.85,n,,,0.042,s,sat,True,False,,1.6633615683163827,0.21428571428571425,,1.0714874267578125,1,1.0714874267578125,5295.921487426758,1.1134874267578125,0.0002023231328677493,0.9622806697312306,1.66302628639012,0.014049776033802513
golf_g6_p2_w3_randtrans_k176,golf_g6_p2_w3,randtrans,176,5357.04,n,,,0.038,s,sat,True,False,,1.6440515657900632,0.23684210526315788,,1.615769863128662,1,1.615769863128662,5358.655769863129,1.6537698631286621,0.00030152522060022756,0.9770221958645986,1.6435570826886532,0.009459749697461522
golf_g6_p2_w3_randtrans_k220,golf_g6_p2_w3,randtrans,220,3942.71,n,,,0.023,s,sat,True,False,,2.233806189144015,0.3913043478260869,,2.375542402267456,1,2.375542402267456,3945.0855424022675,2.398542402267456,0.0006021523175441527,0.990410842860957,2.2324627817540277,0.0065223983314254075
golf_g6_p2_w3_satsuma_k0,golf_g6_p2_w3,satsuma,0,9995.37,n,,,0.008,s,sat,True,False,,1.0,1.0,,0.0,1,0.0,9995.37,0.008,0.0,0.0,1.0,1.0
golf_g6_p2_w3_satsuma_k44,golf_g6_p2_w3,satsuma,44,6721.39,n,,,0.008,s,sat,True,False,,1.4870986507255197,1.0,,0.015897274017333984,1,0.015897274017333984,6721.405897274018,0.023897274017333985,2.365170956835295e-06,0.665233783811611,1.487095133482981,0.33476621618838903
golf_g6_p2_w3_satsuma_k88,golf_g6_p2_w3,satsuma,88,5000.24,n,,,0.01,s,sat,True,False,,1.9989780490536457,0.8,,0.0,1,0.0,5000.24,0.01,0.0,0.0,1.9989780490536457,0.8
golf_g6_p2_w3_satsuma_k132,golf_g6_p2_w3,satsuma,132,6297.77,n,,,0.009,s,sat,True,False,,1.58712845975639,0.888888888888889,,0.0,1,0.0,6297.77,0.009,0.0,0.0,1.58712845975639,0.888888888888889
golf_g6_p2_w3_satsuma_k176,golf_g6_p2_w3,satsuma,176,3610.29,n,,,0.009,s,sat,True,False,,2.7685781474618385,0.888888888888889,,0.01588153839111328,1,0.01588153839111328,3610.305881538391,0.024881538391113282,4.398945383637683e-06,0.6382860312522135,2.7685659686377773,0.3215235277758102
golf_g6_p2_w3_satsuma_k220,golf_g6_p2_w3,satsuma,220,3086.87,n,,,0.01,s,sat,True,False,,3.2380275165458867,0.8,,0.015820026397705078,1,0.015820026397705078,3086.8858200263976,0.02582002639770508,5.124914661589197e-06,0.6127037267131216,3.2380109219311923,0.3098370186295027
latinsq_lsq5_gen2_k0,latinsq_lsq5,gen2,0,5.112,s,sat,161280.0,0.005,s,sat,False,False,161281.0,1.0,1.0,1.0,0.0,1,0.0,5.112,0.005,0.0,0.0,1.0,1.0
latinsq_lsq5_gen2_k24,latinsq_lsq5,gen2,24,0.235,s,sat,9084.0,0.007,s,sat,False,False,9085.0,21.753191489361704,0.7142857142857143,0.05632440476190476,0.014308452606201172,1,0.014308452606201172,0.24930845260620116,0.02130845260620117,0.05739256915128465,0.67149186619197,20.504719942547375,0.23464866700573572
latinsq_lsq5_gen2_k48,latinsq_lsq5,gen2,48,0.502,s,sat,8396.0,0.008,s,sat,False,False,8397.0,10.183266932270916,0.625,0.05205853174603175,0.03469562530517578,1,0.03469562530517578,0.5366956253051758,0.04269562530517578,0.06464674513686815,0.8126271733270481,9.524951870239702,0.11710801667059492
latinsq_lsq5_gen2_k72,latinsq_lsq5,gen2,72,1.033,s,sat,8390.0,0.009,s,sat,False,False,8391.0,4.948693126815102,0.5555555555555556,0.05202132936507937,0.06991410255432129,1,0.06991410255432129,1.1029141025543212,0.07891410255432128,0.06339034235975584,0.8859519438391287,4.634993775272922,0.06336003120048413
latinsq_lsq5_gen2_k96,latinsq_lsq5,gen2,96,0.848,s,sat,8390.0,0.006,s,sat,False,False,8391.0,6.028301886792453,0.8333333333333334,0.05202132936507937,0.11789751052856445,1,0.11789751052856445,0.9658975105285644,0.12389751052856446,0.12206006252573096,0.9515728768527862,5.292486981566585,0.04035593595601144
latinsq_lsq5_gen2_k120,latinsq_lsq5,gen2,120,1.576,s,sat,8390.0,0.013,s,sat,False,False,8391.0,3.2436548223350252,0.38461538461538464,0.05202132936507937,0.17148685455322266,1,0.17148685455322266,1.7474868545532227,0.18448685455322267,0.09813341605769414,0.9295342747781,2.9253438941072765,0.027102202008423035
latinsq_lsq5_neighbors_k0,latinsq_lsq5,neighbors,0,4.264,s,sat,161280.0,0.003,s,sat,False,False,161281.0,1.0,1.0,1.0,0.0,1,0.0,4.264,0.003,0.0,0.0,1.0,1.0
latinsq_lsq5_neighbors_k24,latinsq_lsq5,neighbors,24,0.056,s,sat,1344.0,0.004,s,sat,False,False,1345.0,76.14285714285714,0.75,0.008333333333333333,0.02752852439880371,1,0.02752852439880371,0.0835285243988037,0.031528524398803714,0.32957034254992745,0.8731307577416539,51.04842963155553,0.09515193169375948
latinsq_lsq5_neighbors_k48,latinsq_lsq5,neighbors,48,0.064,s,sat,82.0,0.007,s,sat,False,False,83.0,66.625,0.42857142857142855,0.0005084325396825397,0.08624839782714844,1,0.08624839782714844,0.15024839782714844,0.09324839782714844,0.5740387190442585,0.9249316860867071,28.37967034367628,0.03217213453426839
latinsq_lsq5_neighbors_k72,latinsq_lsq5,neighbors,72,0.12,s,sat,28.0,0.012,s,sat,False,False,29.0,35.53333333333334,0.25,0.00017361111111111112,0.16574525833129883,1,0.16574525833129883,0.2857452583312988,0.17774525833129884,0.5800455248119303,0.9324876505136737,14.922382351682744,0.016878087371581578
latinsq_lsq5_neighbors_k96,latinsq_lsq5,neighbors,96,0.149,s,sat,9.0,0.007,s,sat,False,False,10.0,28.617449664429532,0.42857142857142855,5.580357142857143e-05,0.3040783405303955,1,0.3040783405303955,0.45307834053039553,0.3110783405303955,0.6711385500671398,0.977497629735118,9.411175990024937,0.009643872970663702
latinsq_lsq5_neighbors_k120,latinsq_lsq5,neighbors,120,0.198,s,sat,9.0,0.018,s,sat,False,False,10.0,21.535353535353536,0.16666666666666669,5.580357142857143e-05,0.39734768867492676,1,0.39734768867492676,0.5953476886749267,0.4153476886749268,0.667421233396083,0.9566628140933564,7.162201317167186,0.007222864317773922
latinsq_lsq5_nongen_k0,latinsq_lsq5,nongen,0,3.29,s,sat,161280.0,0.006,s,sat,False,False,161281.0,1.0,1.0,1.0,0.015767812728881836,1,0.015767812728881836,3.305767812728882,0.021767812728881834,0.004769788328196483,0.7243636705841779,1.0,1.0
latinsq_lsq5_nongen_k24,latinsq_lsq5,nongen,24,0.355,s,sat,1350.0,0.007,s,sat,False,False,1351.0,9.267605633802818,0.8571428571428571,0.008370535714285714,0.03209066390991211,1,0.03209066390991211,0.3870906639099121,0.03909066390991211,0.08290219037000746,0.8209291094126179,8.540034986476025,0.5568545159286034
latinsq_lsq5_nongen_k48,latinsq_lsq5,nongen,48,0.799,s,sat,674.0,0.009,s,sat,False,False,675.0,4.117647058823529,0.6666666666666667,0.00417906746031746,0.11054325103759766,1,0.11054325103759766,0.9095432510375977,0.11954325103759765,0.12153710217902342,0.9247134411864925,3.634536135535826,0.1820915236949313
latinsq_lsq5_nongen_k72,latinsq_lsq5,nongen,72,0.747,s,sat,674.0,0.006,s,sat,False,False,675.0,4.404283801874163,1.0,0.00417906746031746,0.18843388557434082,1,0.18843388557434082,0.9354338855743408,0.19443388557434083,0.20144008943897254,0.9691411814238217,3.533940627668406,0.11195483063346497
latinsq_lsq5_nongen_k96,latinsq_lsq5,nongen,96,1.581,s,sat,674.0,0.012,s,sat,False,False,675.0,2.0809614168247945,0.5,0.00417906746031746,0.28605151176452637,1,0.28605151176452637,1.8670515117645263,0.2980515117645264,0.15321029439310047,0.9597385031568619,1.7705820069231208,0.07303372695549135
latinsq_lsq5_nongen_k120,latinsq_lsq5,nongen,120,1.411,s,sat,674.0,0.007,s,sat,False,False,675.0,2.3316796598157334,0.8571428571428571,0.00417906746031746,0.40971851348876953,1,0.40971851348876953,1.8207185134887696,0.41671851348876954,0.22503122281306814,0.9832020902037781,1.8156391491810204,0.052236250668686625
latinsq_lsq5_randtrans_k0,latinsq_lsq5,randtrans,0,5.142,s,sat,161280.0,0.003,s,sat,False,False,161281.0,1.0,1.0,1.0,0.0,1,0.0,5.142,0.003,0.0,0.0,1.0,1.0
latinsq_lsq5_randtrans_k24,latinsq_lsq5,randtrans,24,0.408,s,sat,1842.0,0.007,s,sat,False,False,1843.0,12.60294117647059,0.42857142857142855,0.011421130952380952,0.048004865646362305,1,0.048004865646362305,0.4560048656463623,0.055004865646362304,0.10527270488291392,0.8727385310782422,11.276195469343278,0.05454062953789621
latinsq_lsq5_randtrans_k48,latinsq_lsq5,randtrans,48,0.563,s,sat,589.0,0.008,s,sat,False,False,590.0,9.13321492007105,0.375,0.00365203373015873,0.10465264320373535,1,0.10465264320373535,0.6676526432037353,0.11265264320373536,0.1567471413002411,0.9289852437325258,7.701609590469203,0.026630533600302823
latinsq_lsq5_randtrans_k72,latinsq_lsq5,randtrans,72,0.334,s,sat,585.0,0.009,s,sat,False,False,586.0,15.395209580838323,0.33333333333333337,0.003627232142857143,0.17527508735656738,1,0.17527508735656738,0.5092750873565675,0.1842750873565674,0.3441658382826982,0.9511599743128313,10.096704369911274,0.016280008562389554
latinsq_lsq5_randtrans_k96,latinsq_lsq5,randtrans,96,0.238,s,sat,585.0,0.007,s,sat,False,False,586.0,21.605042016806724,0.42857142857142855,0.003627232142857143,0.28717756271362305,1,0.28717756271362305,0.525177562713623,0.29417756271362305,0.5468199388217575,0.9762048473873094,9.790974262934972,0.010197922548295942
latinsq_lsq5_randtrans_k120,latinsq_lsq5,randtrans,120,0.293,s,sat,585.0,0.008,s,sat,False,False,586.0,17.54948805460751,0.375,0.003627232142857143,0.39843130111694336,1,0.39843130111694336,0.6914313011169433,0.40643130111694337,0.5762413423767689,0.9803164766640399,7.436747499995408,0.007381321250985055
latinsq_lsq5_satsuma_k0,latinsq_lsq5,satsuma,0,4.99,s,sat,161280.0,0.006,s,sat,False,False,161281.0,1.0,1.0,1.0,0.0,1,0.0,4.99,0.006,0.0,0.0,1.0,1.0
latinsq_lsq5_satsuma_k24,latinsq_lsq5,satsuma,24,0.565,s,sat,15295.0,0.003,s,sat,False,False,15296.0,8.831858407079647,2.0,0.09483506944444445,0.018807172775268555,1,0.018807172775268555,0.5838071727752685,0.021807172775268554,0.03221469973701096,0.8624305850686756,8.54734274037578,0.27513882986264876
latinsq_lsq5_satsuma_k48,latinsq_lsq5,satsuma,48,0.443,s,sat,6539.0,0.006,s,sat,False,False,6540.0,11.26410835214447,1.0,0.04054439484126984,0.0,1,0.0,0.443,0.006,0.0,0.0,11.26410835214447,1.0
latinsq_lsq5_satsuma_k72,latinsq_lsq5,satsuma,72,0.727,s,sat,6035.0,0.006,s,sat,False,False,6036.0,6.863823933975241,1.0,0.03741939484126984,0.006009340286254883,1,0.006009340286254883,0.7330093402862549,0.012009340286254883,0.008198176961712541,0.500388875909594,6.807553090730474,0.499611124090406
latinsq_lsq5_satsuma_k96,latinsq_lsq5,satsuma,96,0.805,s,sat,4600.0,0.004,s,sat,False,False,4601.0,6.198757763975155,1.5,0.028521825396825396,0.011757373809814453,1,0.011757373809814453,0.8167573738098145,0.015757373809814453,0.014395185384089607,0.7461505928412635,6.109525496811668,0.38077411073810474
latinsq_lsq5_satsuma_k120,latinsq_lsq5,satsuma,120,1.174,s,sat,4455.0,0.007,s,sat,False,False,4456.0,4.2504258943781945,0.8571428571428571,0.027622767857142856,0.02330946922302246,1,0.02330946922302246,1.1973094692230224,0.03030946922302246,0.01946820752879272,0.7690490734597576,4.167677720980685,0.19795793703449355
latinsq_lsq5_transpositions_k0,latinsq_lsq5,transpositions,0,5.427,s,sat,161280.0,0.003,s,sat,False,False,161281.0,1.0,1.0,1.0,0.0,1,0.0,5.427,0.003,0.0,0.0,1.0,1.0
latinsq_lsq5_transpositions_k24,latinsq_lsq5,transpositions,24,0.343,s,sat,1344.0,0.012,s,sat,False,False,1345.0,15.82215743440233,0.25,0.008333333333333333,0.3886582851409912,1,0.3886582851409912,0.7316582851409912,0.4006582851409912,0.5312019190298602,0.9700492902679468,7.417397042055243,0.0074876774330132805
latinsq_lsq5_transpositions_k48,latinsq_lsq5,transpositions,48,1.636,s,sat,48.0,0.038,s,sat,False,False,49.0,3.317237163814181,0.07894736842105264,0.00029761904761904765,1.1541996002197266,1,1.1541996002197266,2.7901996002197267,1.1921996002197266,0.4136620190644547,0.9681261426417217,1.9450221409151611,0.0025163571598640776
latinsq_lsq5_transpositions_k72,latinsq_lsq5,transpositions,72,3.481,s,sat,10.0,0.064,s,sat,False,False,11.0,1.5590347601264003,0.046875,6.200396825396825e-05,2.3822343349456787,1,2.3822343349456787,5.863234334945679,2.4462343349456788,0.4063003794249253,0.9738373388494601,0.9255983455503966,0.0012263747414315556
latinsq_lsq5_transpositions_k96,latinsq_lsq5,transpositions,96,2.322,s,sat,5.0,0.04,s,sat,False,False,6.0,2.337209302325581,0.075,3.1001984126984125e-05,4.2695677280426025,1,4.2695677280426025,6.591567728042603,4.309567728042603,0.6477317542954946,0.9907183266340803,0.8233246207744835,0.0006961255024439758
latinsq_lsq5_transpositions_k120,latinsq_lsq5,transpositions,120,3.687,s,sat,5.0,0.052,s,sat,False,False,6.0,1.4719283970707893,0.057692307692307696,3.1001984126984125e-05,5.837498664855957,1,5.837498664855957,9.524498664855956,5.889498664855957,0.6128930109881264,0.9911707255644192,0.5697937698311468,0.0005093812174373543
latinsq_lsq6_gen2_k0,latinsq_lsq6,gen2,0,10327.7,n,,,0.007,s,sat,True,False,,1.0,1.0,,0.0020055770874023438,1,0.0020055770874023438,10327.702005577088,0.009005577087402343,1.9419393455768834e-07,0.22270389425769183,1.0,1.0
latinsq_lsq6_gen2_k42,latinsq_lsq6,gen2,42,1383.37,s,sat,40122528.0,0.01,s,sat,False,False,40122529.0,7.465609345294463,0.7,,0.015896081924438477,1,0.015896081924438477,1383.3858960819243,0.02589608192443848,1.1490706945516748e-05,0.6138411969355538,7.465525009924982,0.3477582868975889
latinsq_lsq6_gen2_k84,latinsq_lsq6,gen2,84,636.926,s,sat,40069302.0,0.008,s,sat,False,False,40069303.0,16.2149135064356,0.875,,0.13609790802001953,1,0.13609790802001953,637.0620979080201,0.14409790802001954,0.00021363366062262512,0.9444821919351628,16.211452603272306,0.062496237531437286
latinsq_lsq6_gen2_k126,latinsq_lsq6,gen2,126,1807.0,s,sat,40068967.0,0.027,s,sat,False,False,40068968.0,5.7153846153846155,0.25925925925925924,,0.23844623565673828,1,0.23844623565673828,1807.2384462356567,0.2654462356567383,0.00013193955460244,0.8982844871271218,5.714631639830883,0.03392618119116182
latinsq_lsq6_gen2_k168,latinsq_lsq6,gen2,168,2989.87,s,sat,40068955.0,0.021,s,sat,False,False,40068956.0,3.454230451491202,0.3333333333333333,,0.4003481864929199,1,0.4003481864929199,2990.270348186493,0.42134818649291994,0.0001338836091311004,0.9501599848458042,3.453768657352511,0.02137324278611477
latinsq_lsq6_gen2_k210,latinsq_lsq6,gen2,210,3521.03,s,sat,40068955.0,0.024,s,sat,False,False,40068956.0,2.9331474028906315,0.2916666666666667,,0.5475180149078369,1,0.5475180149078369,3521.577518014908,0.5715180149078369,0.00015547521305635478,0.9580065730668695,2.932691940684228,0.01575729347543766
latinsq_lsq6_neighbors_k0,latinsq_lsq6,neighbors,0,9029.1,n,,,0.005,s,sat,True,False,,1.0,1.0,,0.0,1,0.0,9029.1,0.005,0.0,0.0,1.0,1.0
latinsq_lsq6_neighbors_k42,latinsq_lsq6,neighbors,42,6.229,s,sat,225792.0,0.009,s,sat,False,False,225793.0,1449.5264087333442,0.5555555555555556,,0.09671330451965332,1,0.09671330451965332,6.325713304519653,0.10571330451965331,0.015288916816788506,0.9148640746697423,1427.3647200464818,0.04729773629458762
latinsq_lsq6_neighbors_k84,latinsq_lsq6,neighbors,84,0.225,s,sat,7184.0,0.013,s,sat,False,False,7185.0,40129.333333333336,0.38461538461538464,,0.31779956817626953,1,0.31779956817626953,0.5427995681762695,0.33079956817626954,0.5854823526187236,0.960701278808584,16634.31684431237,0.015114892765929202
latinsq_lsq6_neighbors_k126,latinsq_lsq6,neighbors,126,0.269,s,sat,2300.0,0.011,s,sat,False,False,2301.0,33565.42750929368,0.4545454545454546,,0.7112910747528076,1,0.7112910747528076,0.9802910747528076,0.7222910747528076,0.7255917074754235,0.9847706826451309,9210.63165068273,0.006922416979485963
latinsq_lsq6_neighbors_k168,latinsq_lsq6,neighbors,168,0.475,s,sat,612.0,0.027,s,sat,False,False,613.0,19008.63157894737,0.1851851851851852,,1.1633663177490234,1,1.1633663177490234,1.6383663177490235,1.1903663177490234,0.7100770475722366,0.9773179065994939,5511.038588980039,0.004200387666760409
latinsq_lsq6_neighbors_k210,latinsq_lsq6,neighbors,210,0.528,s,sat,612.0,0.017,s,sat,False,False,613.0,17100.56818181818,0.29411764705882354,,1.735905647277832,1,1.735905647277832,2.263905647277832,1.752905647277832,0.766774732580009,0.9903018168568285,3988.284587238333,0.0028524068068151477
latinsq_lsq6_nongen_k0,latinsq_lsq6,nongen,0,8272.33,n,,,0.003,s,sat,True,False,,1.0,1.0,,0.0,1,0.0,8272.33,0.003,0.0,0.0,1.0,1.0
latinsq_lsq6_nongen_k42,latinsq_lsq6,nongen,42,55.197,s,sat,1412888.0,0.012,s,sat,False,False,1412889.0,149.86919578962625,0.25,,0.17642474174499512,1,0.17642474174499512,55.373424741745,0.18842474174499513,0.0031860904859654054,0.9363140960742818,149.39169897078162,0.01592147598142952
latinsq_lsq6_nongen_k84,latinsq_lsq6,nongen,84,21.371,s,sat,516825.0,0.02,s,sat,False,False,516826.0,387.08202704599694,0.15,,0.49207162857055664,1,0.49207162857055664,21.863071628570555,0.5120716285705567,0.022506976006405242,0.960942964061825,378.369981150762,0.005858555390726241
latinsq_lsq6_nongen_k126,latinsq_lsq6,nongen,126,31.41,s,sat,516617.0,0.025,s,sat,False,False,516618.0,263.3661254377587,0.12,,0.9029245376586914,1,0.9029245376586914,32.31292453765869,0.9279245376586914,0.027943138870218615,0.9730581539926951,256.00684922094,0.00323302152087658
latinsq_lsq6_nongen_k168,latinsq_lsq6,nongen,168,36.548,s,sat,516617.0,0.016,s,sat,False,False,516618.0,226.34152347597677,0.1875,,1.4569246768951416,1,1.4569246768951416,38.00492467689514,1.4729246768951416,0.03833515496429519,0.9891372585095612,217.66468609867056,0.0020367640294572725
latinsq_lsq6_nongen_k210,latinsq_lsq6,nongen,210,40.433,s,sat,516617.0,0.016,s,sat,False,False,516618.0,204.5935250908911,0.1875,,2.06544828414917,1,2.06544828414917,42.49844828414917,2.08144828414917,0.048600557609524045,0.9923130446613329,194.65016568817563,0.001441304126000087
latinsq_lsq6_randtrans_k0,latinsq_lsq6,randtrans,0,7197.69,n,,,0.003,s,sat,True,False,,1.0,1.0,,0.00982046127319336,1,0.00982046127319336,7197.699820461273,0.012820461273193359,1.364388835065923e-06,0.7659990591545424,1.0,1.0
latinsq_lsq6_randtrans_k42,latinsq_lsq6,randtrans,42,28.43,s,sat,678912.0,0.006,s,sat,False,False,678913.0,253.172353148083,0.5,,0.16814875602722168,1,0.16814875602722168,28.59814875602722,0.17414875602722169,0.005879707720304217,0.9655466961873553,251.68411710370998,0.0736178745439293
latinsq_lsq6_randtrans_k84,latinsq_lsq6,randtrans,84,5.222,s,sat,125275.0,0.016,s,sat,False,False,125276.0,1378.3397165836843,0.1875,,0.41573452949523926,1,0.41573452949523926,5.63773452949524,0.43173452949523927,0.07374141640054503,0.9629401891511751,1276.7007355179069,0.029695241861201954
latinsq_lsq6_randtrans_k126,latinsq_lsq6,randtrans,126,3.958,s,sat,41711.0,0.021,s,sat,False,False,41712.0,1818.5169277412833,0.14285714285714285,,0.8888885974884033,1,0.8888885974884033,4.8468885974884035,0.9098885974884033,0.1833936513310857,0.9769202514923617,1485.0144944926174,0.01409014390177228
latinsq_lsq6_randtrans_k168,latinsq_lsq6,randtrans,168,3.417,s,sat,41711.0,0.025,s,sat,False,False,41712.0,2106.435469710272,0.12,,1.381817102432251,1,1.381817102432251,4.798817102432251,1.4068171024322509,0.28794952442173416,0.9822293886271518,1499.890424415876,0.009113097396262825
latinsq_lsq6_randtrans_k210,latinsq_lsq6,randtrans,210,5.137,s,sat,41711.0,0.019,s,sat,False,False,41712.0,1401.1465836091104,0.15789473684210528,,1.8035452365875244,1,1.8035452365875244,6.940545236587524,1.8225452365875243,0.25985641979250007,0.9895750187053931,1037.0510637288469,0.007034372050593368
latinsq_lsq6_satsuma_k0,latinsq_lsq6,satsuma,0,10419.7,n,,,0.004,s,sat,True,False,,1.0,1.0,,0.0,1,0.0,10419.7,0.004,0.0,0.0,1.0,1.0
latinsq_lsq6_satsuma_k42,latinsq_lsq6,satsuma,42,7154.18,s,sat,123356602.0,0.006,s,sat,False,False,123356603.0,1.4564492366700308,0.6666666666666666,,0.010102987289428711,1,0.010102987289428711,7154.19010298729,0.01610298728942871,1.4121776391167083e-06,0.6273983272694453,1.456447179904986,0.24840111515370322
latinsq_lsq6_satsuma_k84,latinsq_lsq6,satsuma,84,5927.78,s,sat,100788467.0,0.005,s,sat,False,False,100788468.0,1.757774411331055,0.8,,0.0,1,0.0,5927.78,0.005,0.0,0.0,1.757774411331055,0.8
latinsq_lsq6_satsuma_k126,latinsq_lsq6,satsuma,126,5437.82,n,,,0.005,s,sat,True,False,,1.9161538999084193,0.8,,0.015367984771728516,1,0.015367984771728516,5437.835367984771,0.020367984771728517,2.8261217436275194e-06,0.7545167057007929,1.9161484846242187,0.1963866354393657
latinsq_lsq6_satsuma_k168,latinsq_lsq6,satsuma,168,5117.25,n,,,0.004,s,sat,True,False,,2.0361913136938785,1.0,,0.0,1,0.0,5117.25,0.004,0.0,0.0,2.0361913136938785,1.0
latinsq_lsq6_satsuma_k210,latinsq_lsq6,satsuma,210,3688.71,n,,,0.003,s,sat,True,False,,2.8247544534539175,1.3333333333333333,,0.01570296287536621,1,0.01570296287536621,3688.7257029628754,0.01870296287536621,4.2570156037227715e-06,0.8395976070747957,2.824742428430133,0.21386985723360577
latinsq_lsq6_transpositions_k0,latinsq_lsq6,transpositions,0,7568.88,n,,,0.006,s,sat,True,False,,1.0,1.0,,0.0,1,0.0,7568.88,0.006,0.0,0.0,1.0,1.0
latinsq_lsq6_transpositions_k42,latinsq_lsq6,transpositions,42,15.258,s,sat,225792.0,0.047,s,sat,False,False,225793.0,496.05977192292573,0.1276595744680851,,2.6204833984375,1,2.6204833984375,17.8784833984375,2.6674833984375,0.14657190657830174,0.9823803964337582,423.351345375385,0.0022493110935627746
latinsq_lsq6_transpositions_k84,latinsq_lsq6,transpositions,84,20.873,s,sat,1998.0,0.212,s,sat,False,False,1999.0,362.61581947971064,0.02830188679245283,,9.588183403015137,1,9.588183403015137,30.461183403015138,9.800183403015136,0.31476726547879524,0.9783677517775049,248.47622956272966,0.0006122334402592948
latinsq_lsq6_transpositions_k126,latinsq_lsq6,transpositions,126,57.256,s,sat,504.0,0.181,s,sat,False,False,505.0,132.1936565600112,0.03314917127071823,,18.674458742141724,1,18.674458742141724,75.93045874214172,18.855458742141725,0.24594160303389975,0.9904006578426295,99.68173675472923,0.00031821023726089846
latinsq_lsq6_transpositions_k168,latinsq_lsq6,transpositions,168,35.527,s,sat,252.0,0.238,s,sat,False,False,253.0,213.0458524502491,0.025210084033613446,,30.06076955795288,1,30.06076955795288,65.58776955795288,30.29876955795288,0.45832888906812724,0.9921448955362767,115.40078357615427,0.00019802784362327706
latinsq_lsq6_transpositions_k210,latinsq_lsq6,transpositions,210,50.361,s,sat,252.0,0.304,s,sat,False,False,253.0,150.2924882349437,0.01973684210526316,,43.87685251235962,1,43.87685251235962,94.23785251235961,44.18085251235962,0.46559690551739835,0.9931191911719006,80.31677079024394,0.00013580543739669795
latinsq_lsq7_gen2_k0,latinsq_lsq7,gen2,0,9810.8,n,,,0.045,s,sat,True,False,,1.0,1.0,,0.016092538833618164,1,0.016092538833618164,9810.816092538833,0.06109253883361816,1.6402854443328733e-06,0.2634125073349009,1.0,1.0
latinsq_lsq7_gen2_k68,latinsq_lsq7,gen2,68,13339.7,n,,,0.005,s,sat,True,False,,0.7354588184142071,9.0,,0.09537458419799805,1,0.09537458419799805,13339.795374584199,0.10037458419799805,7.149628725168572e-06,0.9501865931505425,0.7354547665124613,0.6086454984770601
latinsq_lsq7_gen2_k136,latinsq_lsq7,gen2,136,13985.4,n,,,0.018,s,sat,True,False,,0.7015029959815235,2.5,,0.3048126697540283,1,0.3048126697540283,13985.704812669754,0.32281266975402834,2.1794587676260423e-05,0.9442401067662078,0.7014888576549351,0.1892507468191025
latinsq_lsq7_gen2_k204,latinsq_lsq7,gen2,204,3212.36,n,,,0.025,s,sat,True,False,,3.0540786213251314,1.7999999999999998,,0.5850439071655273,1,0.5850439071655273,3212.9450439071657,0.6100439071655274,0.00018208960911888898,0.9590193431876755,3.053527513999491,0.10014449470936443
latinsq_lsq7_gen2_k272,latinsq_lsq7,gen2,272,3224.11,n,,,0.035,s,sat,True,False,,3.042948286503872,1.2857142857142856,,1.0360736846923828,1,1.0360736846923828,3225.1460736846925,1.0710736846923827,0.00032124860735646633,0.9673225096459614,3.0419757333130923,0.05703859566969402
latinsq_lsq7_gen2_k340,latinsq_lsq7,gen2,340,5798.51,n,,,0.054,s,sat,True,False,,1.6919518979875863,0.8333333333333333,,1.4817025661468506,1,1.4817025661468506,5799.991702566147,1.5357025661468506,0.00025546632514858366,0.9648369409608473,1.6915224358335095,0.03978149166404155
latinsq_lsq7_neighbors_k0,latinsq_lsq7,neighbors,0,14367.2,n,,,0.03,s,sat,True,False,,1.0,1.0,,0.0,1,0.0,14367.2,0.03,0.0,0.0,1.0,1.0
latinsq_lsq7_neighbors_k68,latinsq_lsq7,neighbors,68,9139.42,n,,,0.013,s,sat,True,False,,1.572003475056404,2.307692307692308,,0.3027608394622803,1,0.3027608394622803,9139.722760839462,0.3157608394622803,3.312582311134265e-05,0.9588296002058452,1.571951401147359,0.09500861490958791
latinsq_lsq7_neighbors_k136,latinsq_lsq7,neighbors,136,713.044,s,sat,15321120.0,0.029,s,sat,False,False,15321121.0,20.14910720797034,1.0344827586206895,,1.0674769878387451,1,1.0674769878387451,714.1114769878387,1.096476987838745,0.0014948324207607214,0.9735516565129547,20.11898766926648,0.027360355331426247
latinsq_lsq7_neighbors_k204,latinsq_lsq7,neighbors,204,45.585,s,sat,1337632.0,0.097,s,sat,False,False,1337633.0,315.1738510474937,0.3092783505154639,,2.4905195236206055,1,2.4905195236206055,48.075519523620606,2.5875195236206054,0.05180431846185159,0.9625123601524475,298.8464844969812,0.01159411541676883
latinsq_lsq7_neighbors_k272,latinsq_lsq7,neighbors,272,14.799,s,sat,268944.0,0.123,s,sat,False,False,268945.0,970.82235286168,0.24390243902439024,,4.746349811553955,1,4.746349811553955,19.545349811553955,4.869349811553955,0.24283780322766177,0.9747399540472227,735.0699853684397,0.006160986817750541
latinsq_lsq7_neighbors_k340,latinsq_lsq7,neighbors,340,14.22,s,sat,268944.0,0.16,s,sat,False,False,268945.0,1010.351617440225,0.1875,,6.706852436065674,1,6.706852436065674,20.926852436065673,6.866852436065674,0.32049026276436,0.9766996594888718,686.5437620824113,0.004368813845836527
latinsq_lsq7_nongen_k0,latinsq_lsq7,nongen,0,14274.3,n,,,0.047,s,sat,True,False,,1.0,1.0,,0.0,1,0.0,14274.3,0.047,0.0,0.0,1.0,1.0
latinsq_lsq7_nongen_k68,latinsq_lsq7,nongen,68,6186.27,n,,,0.118,s,sat,True,False,,2.3074162621418073,0.39830508474576276,,0.5107402801513672,1,0.5107402801513672,6186.780740280152,0.6287402801513672,8.255348000715469e-05,0.8123231424403223,2.3072257768995423,0.07475264665512588
latinsq_lsq7_nongen_k136,latinsq_lsq7,nongen,136,6016.0,n,,,0.188,s,sat,True,False,,2.372722739361702,0.25,,1.7751877307891846,1,1.7751877307891846,6017.775187730789,1.9631877307891845,0.0002949907026119034,0.9042373803322286,2.3720228082137145,0.023940654916942868
latinsq_lsq7_nongen_k204,latinsq_lsq7,nongen,204,7126.19,n,,,0.238,s,sat,True,False,,2.0030759774858655,0.19747899159663868,,3.0428056716918945,1,3.0428056716918945,7129.2328056716915,3.2808056716918945,0.00042680688857168157,0.9274568432828681,2.002221050860342,0.014325749435736114
latinsq_lsq7_nongen_k272,latinsq_lsq7,nongen,272,8859.04,n,,,0.414,s,sat,True,False,,1.6112693926204191,0.11352657004830918,,4.794779539108276,1,4.794779539108276,8863.83477953911,5.208779539108276,0.0005409373773726398,0.9205188092735299,1.6103977967809342,0.009023226966531631
latinsq_lsq7_nongen_k340,latinsq_lsq7,nongen,340,6976.42,n,,,0.466,s,sat,True,False,,2.046078074427858,0.10085836909871244,,6.667800664901733,1,6.667800664901733,6983.087800664902,7.133800664901734,0.0009548498966699018,0.9346771767407634,2.0441243769899122,0.006588353418850036
latinsq_lsq7_randtrans_k0,latinsq_lsq7,randtrans,0,10803.5,n,,,0.029,s,sat,True,False,,1.0,1.0,,0.016146421432495117,1,0.016146421432495117,10803.516146421432,0.045146421432495115,1.4945524414144994e-06,0.3576456542992659,1.0,1.0
latinsq_lsq7_randtrans_k68,latinsq_lsq7,randtrans,68,10767.1,n,,,0.086,s,sat,True,False,,1.0033806688894873,0.33720930232558144,,0.3990004062652588,1,0.3990004062652588,10767.499000406266,0.48500040626525875,3.705599659217096e-05,0.8226805609045935,1.0033449871705404,0.09308532704156833
latinsq_lsq7_randtrans_k136,latinsq_lsq7,randtrans,136,7541.31,n,,,0.122,s,sat,True,False,,1.4325760378501877,0.2377049180327869,,1.204190969467163,1,1.204190969467163,7542.514190969468,1.326190969467163,0.0001596537890387958,0.9080072155452718,1.4323494623790447,0.034042172260179124
latinsq_lsq7_randtrans_k204,latinsq_lsq7,randtrans,204,6768.35,n,,,0.219,s,sat,True,False,,1.5961792755989272,0.13242009132420093,,2.4749395847320557,1,2.4749395847320557,6770.824939584732,2.6939395847320555,0.0003655299918127625,0.9187064174559868,1.5955982089065845,0.016758512955659124
latinsq_lsq7_randtrans_k272,latinsq_lsq7,randtrans,272,9684.81,n,,,0.299,s,sat,True,False,,1.1155097518691643,0.09698996655518395,,4.205556392669678,1,4.205556392669678,9689.01555639267,4.504556392669678,0.0004340540448296539,0.9336227646108356,1.1150272268159827,0.010022390108371707
latinsq_lsq7_randtrans_k340,latinsq_lsq7,randtrans,340,8786.68,n,,,0.371,s,sat,True,False,,1.229531518161581,0.07816711590296496,,6.711536645889282,1,6.711536645889282,8793.39153664589,7.082536645889283,0.0007632477887421921,0.9476176377830209,1.228594917148688,0.006374329380801465
latinsq_lsq7_satsuma_k0,latinsq_lsq7,satsuma,0,17114.2,n,,,0.047,s,sat,True,False,,1.0,1.0,,0.0,1,0.0,17114.2,0.047,0.0,0.0,1.0,1.0
latinsq_lsq7_satsuma_k68,latinsq_lsq7,satsuma,68,12590.5,n,,,0.006,s,sat,True,False,,1.3592947063261984,7.833333333333333,,0.016083240509033203,1,0.016083240509033203,12590.516083240509,0.0220832405090332,1.27740915485124e-06,0.7283007447414394,1.3592929699506964,2.1283108328587255
latinsq_lsq7_satsuma_k136,latinsq_lsq7,satsuma,136,6852.75,n,,,0.006,s,sat,True,False,,2.4974207434971363,7.833333333333333,,0.0162198543548584,1,0.0162198543548584,6852.766219854355,0.022219854354858397,2.3669061273190676e-06,0.7299712273456873,2.497414832336676,2.115225385792117
latinsq_lsq7_satsuma_k204,latinsq_lsq7,satsuma,204,4810.06,n,,,0.007,s,sat,True,False,,3.558001355492447,6.714285714285714,,0.031717538833618164,1,0.031717538833618164,4810.091717538834,0.03871753883361816,6.593957183387552e-06,0.8192033840249694,3.5579778941838502,1.2139201358323488
latinsq_lsq7_satsuma_k272,latinsq_lsq7,satsuma,272,9656.71,n,,,0.01,s,sat,True,False,,1.7722599104664014,4.7,,0.06893205642700195,1,0.06893205642700195,9656.778932056426,0.07893205642700195,7.1382038371176384e-06,0.8733087613237569,1.772247259713908,0.595448821778343
latinsq_lsq7_satsuma_k340,latinsq_lsq7,satsuma,340,2983.29,n,,,0.006,s,sat,True,False,,5.73668667813052,7.833333333333333,,0.11353445053100586,1,0.11353445053100586,2983.403534450531,0.11953445053100586,3.8055344917299665e-05,0.9498052655669867,5.736468366540302,0.3931920863919372
latinsq_lsq8_gen2_k0,latinsq_lsq8,gen2,0,18594.3,n,,,0.005,s,sat,True,False,,1.0,1.0,,0.013801813125610352,1,0.013801813125610352,18594.313801813125,0.018801813125610353,7.422598796985207e-07,0.7340682004125765,1.0,1.0
latinsq_lsq8_gen2_k100,latinsq_lsq8,gen2,100,21248.7,n,,,0.012,s,sat,True,False,,0.8750794166231345,0.4166666666666667,,0.15944814682006836,1,0.15944814682006836,21248.85944814682,0.17144814682006837,7.503844957380728e-06,0.930007992372214,0.8750734996948174,0.1096647206419939
latinsq_lsq8_gen2_k200,latinsq_lsq8,gen2,200,14790.1,n,,,0.012,s,sat,True,False,,1.257212594911461,0.4166666666666667,,0.6038336753845215,1,0.6038336753845215,14790.703833675385,0.6158336753845215,4.082521576895595e-05,0.9805142192126676,1.2571622020770712,0.030530667414169346
latinsq_lsq8_gen2_k300,latinsq_lsq8,gen2,300,13093.4,n,,,0.047,s,sat,True,False,,1.420127697924145,0.10638297872340426,,1.2730438709259033,1,1.2730438709259033,13094.673043870926,1.3200438709259033,9.721845415008375e-05,0.9643951227416152,1.4199906893067753,0.014243324437711613
latinsq_lsq8_gen2_k400,latinsq_lsq8,gen2,400,5339.16,n,,,0.092,s,sat,True,False,,3.4826264805699774,0.05434782608695653,,2.0953307151794434,1,2.0953307151794434,5341.255330715179,2.1873307151794434,0.00039229180884316276,0.957939602200277,3.48126285873014,0.008595779776295921
latinsq_lsq8_gen2_k500,latinsq_lsq8,gen2,500,6554.98,n,,,0.099,s,sat,True,False,,2.8366676938754964,0.050505050505050504,,3.2437705993652344,1,3.2437705993652344,6558.223770599365,3.3427705993652346,0.0004946111497303762,0.9703838486497399,2.8352667509107827,0.005624619628155359
latinsq_lsq8_neighbors_k0,latinsq_lsq8,neighbors,0,16858.2,n,,,0.003,s,sat,True,False,,1.0,1.0,,0.0,1,0.0,16858.2,0.003,0.0,0.0,1.0,1.0
latinsq_lsq8_neighbors_k100,latinsq_lsq8,neighbors,100,15333.4,n,,,0.024,s,sat,True,False,,1.0994430458998006,0.125,,0.8400325775146484,1,0.8400325775146484,15334.240032577514,0.8640325775146485,5.478149394622776e-05,0.9722232695565312,1.0993828167672373,0.003472091305433607
latinsq_lsq8_neighbors_k200,latinsq_lsq8,neighbors,200,7915.67,n,,,0.054,s,sat,True,False,,2.12972496326906,0.05555555555555556,,2.98786997795105,1,2.98786997795105,7918.657869977951,3.0418699779510496,0.00037732025136216285,0.9822477619387358,2.128921374910587,0.00098623544784802
latinsq_lsq8_neighbors_k300,latinsq_lsq8,neighbors,300,10137.4,n,,,0.05,s,sat,True,False,,1.6629707814627026,0.06,,7.151402473449707,1,7.151402473449707,10144.55140247345,7.201402473449707,0.0007049500948564417,0.9930569079864178,1.661798470052567,0.000416585520814934
latinsq_lsq8_neighbors_k400,latinsq_lsq8,neighbors,400,8790.01,n,,,0.081,s,sat,True,False,,1.9178817771538372,0.037037037037037035,,11.94341254234314,1,11.94341254234314,8801.953412542343,12.02441254234314,0.001356904766767383,0.9932637041755875,1.9152793942283208,0.00024949243794120563
latinsq_lsq8_neighbors_k500,latinsq_lsq8,neighbors,500,9031.2,n,,,0.25,s,sat,True,False,,1.8666622375764017,0.012,,18.069810152053833,1,18.069810152053833,9049.269810152055,18.319810152053833,0.0019968252169674456,0.9863535703740919,1.8629348393488483,0.0001637571555108976
latinsq_lsq8_nongen_k0,latinsq_lsq8,nongen,0,27054.3,n,,,0.008,s,sat,True,False,,1.0,1.0,,0.015973806381225586,1,0.015973806381225586,27054.31597380638,0.023973806381225586,5.904346795051557e-07,0.6663024689202055,1.0,1.0
latinsq_lsq8_nongen_k100,latinsq_lsq8,nongen,100,11803.6,n,,,0.019,s,sat,True,False,,2.2920380222982817,0.4210526315789474,,1.3651180267333984,1,1.3651180267333984,11804.965118026734,1.3841180267333983,0.00011563931050069766,0.9862728469443888,2.291774325744781,0.017320637343193345
latinsq_lsq8_nongen_k200,latinsq_lsq8,nongen,200,13309.9,n,,,0.089,s,sat,True,False,,2.032644873364939,0.08988764044943821,,4.025990724563599,1,4.025990724563599,13313.925990724563,4.114990724563599,0.00030238944751295694,0.9783717616983355,2.0320314227865137,0.005825968510237175
latinsq_lsq8_nongen_k300,latinsq_lsq8,nongen,300,15475.3,n,,,0.129,s,sat,True,False,,1.748224590153341,0.06201550387596899,,8.356752157211304,1,8.356752157211304,15483.65675215721,8.485752157211303,0.0005397143769702222,0.9847980476438528,1.7472820798637974,0.00282518342947977
latinsq_lsq8_nongen_k400,latinsq_lsq8,nongen,400,10402.8,n,,,0.176,s,sat,True,False,,2.6006748183181454,0.045454545454545456,,13.381486654281616,1,13.381486654281616,10416.18148665428,13.557486654281616,0.0012846825558316768,0.9870182427991241,2.5973353103025025,0.0017683075773970518
latinsq_lsq8_nongen_k500,latinsq_lsq8,nongen,500,19632.5,n,,,0.229,s,sat,True,False,,1.3780364192028525,0.034934497816593885,,18.719918966293335,1,18.719918966293335,19651.219918966293,18.948918966293334,0.0009526084916604024,0.9879148778667877,1.3767245028739932,0.0012651806904589442
latinsq_lsq8_randtrans_k0,latinsq_lsq8,randtrans,0,16579.5,n,,,0.006,s,sat,True,False,,1.0,1.0,,0.015902996063232422,1,0.015902996063232422,16579.515902996063,0.02190299606323242,9.59195440703948e-07,0.726064873377212,1.0,1.0
latinsq_lsq8_randtrans_k100,latinsq_lsq8,randtrans,100,18437.7,n,,,0.042,s,sat,True,False,,0.8992173644218097,0.14285714285714285,,1.6631968021392822,1,1.6631968021392822,18439.36319680214,1.7051968021392823,9.0198169231122e-05,0.9753694119369047,0.8991371191100231,0.012844849366216065
latinsq_lsq8_randtrans_k200,latinsq_lsq8,randtrans,200,10105.2,n,,,0.09,s,sat,True,False,,1.6406899418121361,0.06666666666666667,,4.261863946914673,1,4.261863946914673,10109.461863946915,4.351863946914673,0.0004215717912853142,0.9793192064141144,1.639999846294798,0.005033014894401953
latinsq_lsq8_randtrans_k300,latinsq_lsq8,randtrans,300,10009.1,n,,,0.112,s,sat,True,False,,1.6564426372001477,0.05357142857142857,,7.665485858917236,1,7.665485858917236,10016.765485858918,7.777485858917236,0.0007652655809641266,0.9855994595127953,1.6551766063009115,0.0028162051928541476
latinsq_lsq8_randtrans_k400,latinsq_lsq8,randtrans,400,11501.8,n,,,0.125,s,sat,True,False,,1.4414700307777915,0.048,,12.923858880996704,1,12.923858880996704,11514.723858880996,13.048858880996704,0.001122376796819915,0.9904206182977394,1.4398535393628853,0.0016785372777025093
latinsq_lsq8_randtrans_k500,latinsq_lsq8,randtrans,500,9869.59,n,,,0.104,s,sat,True,False,,1.6798570153370098,0.057692307692307696,,17.74216055870056,1,17.74216055870056,9887.3321605587,17.84616055870056,0.0017944335509911715,0.9941724159850565,1.6768442319691634,0.0012273225936294753
latinsq_lsq8_satsuma_k0,latinsq_lsq8,satsuma,0,28681.2,n,,,0.005,s,sat,True,False,,1.0,1.0,,0.0,1,0.0,28681.2,0.005,0.0,0.0,1.0,1.0
latinsq_lsq8_satsuma_k100,latinsq_lsq8,satsuma,100,21402.8,n,,,0.006,s,sat,True,False,,1.3400676546993853,0.8333333333333334,,0.018758535385131836,1,0.018758535385131836,21402.818758535384,0.024758535385131834,8.764516298887493e-07,0.7576593321589143,1.3400664801949052,0.20195055653423807
latinsq_lsq8_satsuma_k200,latinsq_lsq8,satsuma,200,15583.4,n,,,0.007,s,sat,True,False,,1.8404969390505281,0.7142857142857143,,0.0318453311920166,1,0.0318453311920166,15583.431845331192,0.0388453311920166,2.0435377462479476e-06,0.8197981640213529,1.8404931779255613,0.12871559712760508
latinsq_lsq8_satsuma_k300,latinsq_lsq8,satsuma,300,5843.81,n,,,0.008,s,sat,True,False,,4.907962442310753,0.625,,0.07993531227111816,1,0.07993531227111816,5843.8899353122715,0.08793531227111817,1.3678442468278071e-05,0.909024033765471,4.907895309028849,0.05685997889658055
latinsq_lsq8_satsuma_k400,latinsq_lsq8,satsuma,400,3825.15,n,,,0.007,s,sat,True,False,,7.498058899650994,0.7142857142857143,,0.1629340648651123,1,0.1629340648651123,3825.312934064865,0.1699340648651123,4.259365643374301e-05,0.9588075527672668,7.497739529906302,0.02942317659480943
latinsq_lsq8_satsuma_k500,latinsq_lsq8,satsuma,500,3223.65,n,,,0.011,s,sat,True,False,,8.897119724535852,0.4545454545454546,,0.28479886054992676,1,0.28479886054992676,3223.93479886055,0.29579886054992677,8.833890209274224e-05,0.9628125680418456,8.896333762747599,0.01690337816279745
latinsq_lsq9_gen2_k0,latinsq_lsq9,gen2,0,34465.6,n,,,0.006,s,sat,True,False,,1.0,1.0,,0.031613826751708984,1,0.031613826751708984,34465.63161382675,0.03761382675170898,9.172565617229631e-07,0.8404841911032785,1.0,1.0
latinsq_lsq9_gen2_k142,latinsq_lsq9,gen2,142,27530.6,n,,,0.031,s,sat,True,False,,1.2519015204899275,0.1935483870967742,,0.3005225658416748,1,0.3005225658416748,27530.90052256584,0.33152256584167483,1.091582767499196e-05,0.906492036458222,1.2518890032520666,0.11345781743759853
latinsq_lsq9_gen2_k284,latinsq_lsq9,gen2,284,34634.1,n,,,0.058,s,sat,True,False,,0.9951348526452254,0.10344827586206896,,1.1309030055999756,1,1.1309030055999756,34635.2309030056,1.1889030055999756,3.265181077519069e-05,0.9512155325314107,0.9951032724553273,0.03163742254375688
latinsq_lsq9_gen2_k426,latinsq_lsq9,gen2,426,36010.0,n,,,0.092,s,sat,True,False,,0.9571119133574006,0.06521739130434782,,2.3140316009521484,1,2.3140316009521484,36012.31403160095,2.4060316009521485,6.4256676172533e-05,0.9617627632307104,0.9570512903886992,0.015633139122871002
latinsq_lsq9_gen2_k568,latinsq_lsq9,gen2,568,6274.46,n,,,0.143,s,sat,True,False,,5.492998600676392,0.04195804195804196,,3.9338724613189697,1,3.9338724613189697,6278.393872461319,4.0768724613189695,0.000626573060121947,0.9649240928293019,5.489561871070569,0.009226147520822856
latinsq_lsq9_gen2_k710,latinsq_lsq9,gen2,710,5172.25,n,,,0.197,s,sat,True,False,,6.663560346077626,0.03045685279187817,,5.822478532791138,1,5.822478532791138,5178.072478532791,6.019478532791138,0.0011244490217025582,0.9672729126074889,6.656073617492623,0.006248685255177419
latinsq_lsq9_neighbors_k0,latinsq_lsq9,neighbors,0,36005.7,n,,,0.008,s,sat,True,False,,1.0,1.0,,0.0,1,0.0,36005.7,0.008,0.0,0.0,1.0,1.0
latinsq_lsq9_neighbors_k142,latinsq_lsq9,neighbors,142,15584.3,n,,,0.045,s,sat,True,False,,2.310382885339733,0.17777777777777778,,1.9965100288391113,1,1.9965100288391113,15586.296510028838,2.0415100288391113,0.00012809393351104786,0.9779574925597653,2.310086939308033,0.0039186679893750695
latinsq_lsq9_neighbors_k284,latinsq_lsq9,neighbors,284,10234.5,n,,,0.131,s,sat,True,False,,3.51807122966437,0.061068702290076333,,8.027361154556274,1,8.027361154556274,10242.527361154556,8.158361154556275,0.0007837285536576214,0.9839428535316999,3.515314016787881,0.0009805890973007695
latinsq_lsq9_neighbors_k426,latinsq_lsq9,neighbors,426,10440.6,n,,,0.123,s,sat,True,False,,3.4486236423194065,0.06504065040650407,,19.182993173599243,1,19.182993173599243,10459.7829931736,19.305993173599244,0.0018339762102252694,0.9936289213979314,3.442298948601372,0.0004143790960695004
latinsq_lsq9_neighbors_k568,latinsq_lsq9,neighbors,568,8377.55,n,,,0.394,s,sat,True,False,,4.297879451629653,0.02030456852791878,,30.116597652435303,1,30.116597652435303,8407.666597652435,30.5105976524353,0.0035820399515894665,0.9870864542055751,4.282484275726801,0.0002622039755213204
latinsq_lsq9_neighbors_k710,latinsq_lsq9,neighbors,710,12355.2,n,,,0.546,s,sat,True,False,,2.9142142579642574,0.014652014652014652,,61.5486626625061,1,61.5486626625061,12416.748662662507,62.0946626625061,0.004956906540887355,0.9912069737302932,2.8997687702474075,0.0001288355497392942
latinsq_lsq9_nongen_k0,latinsq_lsq9,nongen,0,36007.8,n,,,0.007,s,sat,True,False,,1.0,1.0,,0.029611825942993164,1,0.029611825942993164,36007.829611825946,0.03661182594299316,8.223718636256777e-07,0.8088049470436295,1.0,1.0
latinsq_lsq9_nongen_k142,latinsq_lsq9,nongen,142,31309.1,n,,,0.046,s,sat,True,False,,1.150074578956278,0.15217391304347827,,2.2390851974487305,1,2.2390851974487305,31311.339085197447,2.2850851974487303,7.15103621520699e-05,0.9798694595495353,1.1499932824287538,0.016022083545886964
latinsq_lsq9_nongen_k284,latinsq_lsq9,nongen,284,22247.0,n,,,0.097,s,sat,True,False,,1.61854632085225,0.07216494845360824,,8.629164457321167,1,8.629164457321167,22255.62916445732,8.726164457321167,0.00038772952198098774,0.9888840050546357,1.617920093192924,0.004195637856936813
latinsq_lsq9_nongen_k426,latinsq_lsq9,nongen,426,31638.2,n,,,0.162,s,sat,True,False,,1.1381115234115722,0.043209876543209874,,17.401068210601807,1,17.401068210601807,31655.601068210603,17.563068210601806,0.0005496995041448264,0.9907760991384063,1.1374868395086632,0.002084591684321577
latinsq_lsq9_nongen_k568,latinsq_lsq9,nongen,568,13122.6,n,,,0.324,s,sat,True,False,,2.743953180010059,0.021604938271604937,,29.653313636779785,1,29.653313636779785,13152.25331363678,29.977313636779787,0.0022546184999367408,0.9891918267285138,2.737768863871531,0.0012213177733869174
latinsq_lsq9_nongen_k710,latinsq_lsq9,nongen,710,26002.9,n,,,0.238,s,sat,True,False,,1.3847609305115969,0.029411764705882356,,45.85082769393921,1,45.85082769393921,26048.75082769394,46.08882769393921,0.0017601929550185005,0.9948360587172995,1.3823246208622,0.0007943752916893502
latinsq_lsq9_randtrans_k0,latinsq_lsq9,randtrans,0,36010.9,n,,,0.008,s,sat,True,False,,1.0,1.0,,0.04720783233642578,1,0.04720783233642578,36010.94720783234,0.05520783233642578,1.310930036468414e-06,0.8550930246409684,1.0,1.0
latinsq_lsq9_randtrans_k142,latinsq_lsq9,randtrans,142,15156.1,n,,,0.077,s,sat,True,False,,2.3760004222722206,0.1038961038961039,,4.3732688426971436,1,4.3732688426971436,15160.473268842698,4.4502688426971435,0.00028846519268530625,0.982697674517719,2.3753181427284886,0.012405504990338146
latinsq_lsq9_randtrans_k284,latinsq_lsq9,randtrans,284,18573.8,n,,,0.214,s,sat,True,False,,1.93880089157846,0.03738317757009346,,18.646031618118286,1,18.646031618118286,18592.446031618118,18.860031618118285,0.0010028821160168512,0.9886532533808472,1.9368590419244731,0.0029272396491312994
latinsq_lsq9_randtrans_k426,latinsq_lsq9,randtrans,426,27988.8,n,,,0.264,s,sat,True,False,,1.286618218716058,0.030303030303030304,,40.550049781799316,1,40.550049781799316,28029.3500497818,40.81404978179932,0.0014466996098653736,0.9935316391925966,1.2847585528695722,0.0013526673444948178
latinsq_lsq9_randtrans_k568,latinsq_lsq9,randtrans,568,19509.2,n,,,0.371,s,sat,True,False,,1.8458419617411272,0.0215633423180593,,60.21021509170532,1,60.21021509170532,19569.410215091706,60.581215091705324,0.003076751646059925,0.9938759894558338,1.840165176774776,0.000911302823042662
latinsq_lsq9_randtrans_k710,latinsq_lsq9,randtrans,710,26673.3,n,,,0.532,s,sat,True,False,,1.350072919361309,0.015037593984962405,,64.08913064002991,1,64.08913064002991,26737.38913064003,64.6211306400299,0.002396985372314689,0.9917673987636724,1.3468385799331903,0.0008543309562929095
latinsq_lsq9_satsuma_k0,latinsq_lsq9,satsuma,0,36006.2,n,,,0.009,s,sat,True,False,,1.0,1.0,,0.0,1,0.0,36006.2,0.009,0.0,0.0,1.0,1.0
latinsq_lsq9_satsuma_k142,latinsq_lsq9,satsuma,142,36005.3,n,,,0.007,s,sat,True,False,,1.000024996319986,1.2857142857142856,,0.022925615310668945,1,0.022925615310668945,36005.32292561531,0.029925615310668945,6.36728501450516e-07,0.7660866810145625,1.0000243595755687,0.30074569583841976
latinsq_lsq9_satsuma_k284,latinsq_lsq9,satsuma,284,36006.0,n,,,0.008,s,sat,True,False,,1.000005554629784,1.125,,0.011619329452514648,1,0.011619329452514648,36006.01161932945,0.01961932945251465,3.22705263092148e-07,0.5922388673189529,1.0000052319227282,0.45873127426617794
latinsq_lsq9_satsuma_k426,latinsq_lsq9,satsuma,426,31205.1,n,,,0.008,s,sat,True,False,,1.1538562606753382,1.125,,0.03182268142700195,1,0.03182268142700195,31205.131822681426,0.03982268142700195,1.019790001459685e-06,0.7991094594003014,1.1538550839842605,0.22600185817466092
latinsq_lsq9_satsuma_k568,latinsq_lsq9,satsuma,568,16339.2,n,,,0.01,s,sat,True,False,,2.2036697023110063,0.8999999999999999,,0.09525156021118164,1,0.09525156021118164,16339.295251560212,0.10525156021118164,5.829600282306315e-06,0.9049895319372413,2.2036568557974876,0.08550942125648285
latinsq_lsq9_satsuma_k710,latinsq_lsq9,satsuma,710,9214.37,n,,,0.015,s,sat,True,False,,3.9076138683382577,0.6,,0.23560285568237305,1,0.23560285568237305,9214.605602855683,0.25060285568237306,2.5568414518941294e-05,0.9401443373055103,3.9075139568470925,0.03591339761669381
php_pig21_hol20_gen2_k0,php_pig21_hol20,gen2,0,36000.4,n,,,36003.0,n,,True,True,,1.0,1.0,,0.0020101070404052734,1,0.0020101070404052734,36000.40201010704,36003.00201010704,5.5835683163786333e-08,5.583165092291417e-08,1.0,1.0
php_pig21_hol20_gen2_k84,php_pig21_hol20,gen2,84,36001.3,n,,,36004.0,n,,True,True,,0.9999750009027452,0.9999722253082991,,0.04584360122680664,1,0.04584360122680664,36001.34584360123,36004.04584360123,1.2733857624646202e-06,1.2732902692643953e-06,0.9999737833830356,0.9999710078834273
php_pig21_hol20_gen2_k168,php_pig21_hol20,gen2,168,36000.1,n,,,36001.2,n,,True,True,,1.0000083333101852,1.000049998333389,,0.09882736206054688,1,0.09882736206054688,36000.19882736206,36001.29882736206,2.7451893400497787e-06,2.7451054622905754e-06,1.000005643933967,1.0000473089249682
php_pig21_hol20_gen2_k252,php_pig21_hol20,gen2,252,36002.8,n,,,36000.4,n,,True,True,,0.9999333385181152,1.000072221419762,,0.23936724662780762,1,0.23936724662780762,36003.03936724663,36000.63936724663,6.648528869636749e-06,6.6489720970229174e-06,0.9999267462640393,1.0000656278027817
php_pig21_hol20_gen2_k336,php_pig21_hol20,gen2,336,36005.6,n,,,36005.6,n,,True,True,,0.9998555780211967,0.9999277890105984,,0.3663761615753174,1,0.3663761615753174,36005.966376161574,36005.966376161574,1.0175429198253198e-05,1.0175429198253198e-05,0.9998454598886085,0.9999176701432323
php_pig21_hol20_gen2_k420,php_pig21_hol20,gen2,420,36006.1,n,,,36000.2,n,,True,True,,0.9998416934908253,1.0000777773456815,,0.5746090412139893,1,0.5746090412139893,36006.67460904121,36000.77460904121,1.5958403475274162e-05,1.5961018824013923e-05,0.9998257934396253,1.000061870920557
php_pig21_hol20_neighbors_k0,php_pig21_hol20,neighbors,0,36000.1,n,,,36000.1,n,,True,True,,1.0,1.0,,0.0,1,0.0,36000.1,36000.1,0.0,0.0,1.0,1.0
php_pig21_hol20_neighbors_k84,php_pig21_hol20,neighbors,84,36000.4,n,,,36000.1,n,,True,True,,0.9999916667592581,1.0,,0.11017155647277832,1,0.11017155647277832,36000.510171556474,36000.21017155647,3.060277644615809e-06,3.06030314678063e-06,0.9999886065071155,0.9999969396968532
php_pig21_hol20_neighbors_k168,php_pig21_hol20,neighbors,168,23455.4,s,unsat,0.0,678.882,s,unsat,False,False,1.0,1.5348320642581237,53.02850863625785,,0.2965872287750244,1,0.2965872287750244,23455.696587228776,679.178587228775,1.2644571337800774e-05,0.0004366851875957652,1.5348126569645957,53.0053518720161
php_pig21_hol20_neighbors_k252,php_pig21_hol20,neighbors,252,0.339,s,unsat,0.0,0.132,s,unsat,False,False,1.0,106194.98525073745,272728.0303030303,,0.5549354553222656,1,0.5549354553222656,0.8939354553222656,0.6869354553222656,0.6207779901986439,0.8078422084967588,40271.47573761004,52406.81598405935
php_pig21_hol20_neighbors_k336,php_pig21_hol20,neighbors,336,0.074,s,unsat,0.0,0.104,s,unsat,False,False,1.0,486487.83783783787,346154.8076923077,,0.8991713523864746,1,0.8991713523864746,0.9731713523864746,1.0031713523864747,0.9239599482470047,0.8963287779773701,36992.560366392,35886.29192246994
php_pig21_hol20_neighbors_k420,php_pig21_hol20,neighbors,420,0.076,s,unsat,0.0,0.116,s,unsat,False,False,1.0,473685.5263157895,310345.6896551724,,1.3410940170288086,1,1.3410940170288086,1.4170940170288087,1.4570940170288087,0.9463691194185212,0.9203894884994874,25404.171895016996,24706.7790954276
php_pig21_hol20_nongen_k0,php_pig21_hol20,nongen,0,36000.1,n,,,36000.1,n,,True,True,,1.0,1.0,,0.0,1,0.0,36000.1,36000.1,0.0,0.0,1.0,1.0
php_pig21_hol20_nongen_k84,php_pig21_hol20,nongen,84,36002.4,n,,,36006.0,n,,True,True,,0.9999361153700863,0.9998361384213742,,0.203629732131958,1,0.203629732131958,36002.60362973213,36006.20362973213,5.6559723909465785e-06,5.655406891156132e-06,0.9999304597590252,0.9998304839411869
php_pig21_hol20_nongen_k168,php_pig21_hol20,nongen,168,36000.4,n,,,36002.5,n,,True,True,,0.9999916667592581,0.9999333379626414,,0.3949267864227295,1,0.3949267864227295,36000.794926786424,36002.89492678642,1.0969946281071806e-05,1.096930641899302e-05,0.9999806969043923,0.9999223693874587
php_pig21_hol20_nongen_k252,php_pig21_hol20,nongen,252,36002.0,n,,,36000.1,n,,True,True,,0.999947225154158,1.0,,0.6367857456207275,1,0.6367857456207275,36002.63678574562,36000.73678574562,1.7687197451961284e-05,1.7688130923833228e-05,0.9999295388901452,0.9999823118690762
php_pig21_hol20_nongen_k336,php_pig21_hol20,nongen,336,36005.6,n,,,36001.0,n,,True,True,,0.999847245983958,0.9999750006944251,,1.122967004776001,1,1.122967004776001,36006.722967004775,36002.122967004776,3.1187703635375156e-05,3.119168849584725e-05,0.9998160630443697,0.9999438097856999
php_pig21_hol20_nongen_k420,php_pig21_hol20,nongen,420,36003.1,n,,,1695.27,s,unsat,True,False,,0.9999166738419747,21.235614385909027,,1.4031972885131836,1,1.4031972885131836,36004.50319728851,1696.6731972885132,3.8972827393959375e-05,0.0008270286173882282,0.9998777042620367,21.21805192510406
php_pig21_hol20_randtrans_k0,php_pig21_hol20,randtrans,0,36006.2,n,,,36000.1,n,,True,True,,1.0,1.0,,0.0051653385162353516,1,0.0051653385162353516,36006.20516533851,36000.105165338515,1.434568984017172e-07,1.4348120630515888e-07,1.0,1.0
php_pig21_hol20_randtrans_k84,php_pig21_hol20,randtrans,84,36003.9,n,,,36000.1,n,,True,True,,1.0000638819683423,1.0,,0.17406606674194336,1,0.17406606674194336,36004.07406606674,36000.27406606674,4.834621393749376e-06,4.8351317110114765e-06,1.000059190503493,0.9999953083488221
php_pig21_hol20_randtrans_k168,php_pig21_hol20,randtrans,168,36001.1,n,,,36002.1,n,,True,True,,1.0001416623380952,0.9999444476849961,,0.33356714248657227,1,0.33356714248657227,36001.433567142485,36002.433567142485,9.265384998196565e-06,9.265127643787984e-06,1.0001325391164528,0.9999353265439785
php_pig21_hol20_randtrans_k252,php_pig21_hol20,randtrans,252,36008.3,n,,,36003.0,n,,True,True,,0.9999416801126405,0.999919451156848,,0.5878396034240723,1,0.5878396034240723,36008.88783960343,36003.587839603424,1.632484752215958e-05,1.6327250662986906e-05,0.9999254996633925,0.9999032686886533
php_pig21_hol20_randtrans_k336,php_pig21_hol20,randtrans,336,36003.9,n,,,36002.1,n,,True,True,,1.0000638819683423,0.9999444476849961,,1.0625407695770264,1,1.0625407695770264,36004.96254076958,36003.162540769576,2.9510953340775657e-05,2.951242875882965e-05,1.000034512591633,0.999915080364743
php_pig21_hol20_randtrans_k420,php_pig21_hol20,randtrans,420,36004.4,n,,,36000.1,n,,True,True,,1.0000499938896357,1.0,,1.418050765991211,1,1.418050765991211,36005.81805076599,36001.51805076599,3.938393411842071e-05,3.938863811219315e-05,1.0000107514450018,0.9999607548374632
php_pig21_hol20_satsuma_k0,php_pig21_hol20,satsuma,0,36000.0,n,,,36003.6,n,,True,True,,1.0,1.0,,0.0,1,0.0,36000.0,36003.6,0.0,0.0,1.0,1.0
php_pig21_hol20_satsuma_k84,php_pig21_hol20,satsuma,84,36000.2,n,,,36004.5,n,,True,True,,0.9999944444753085,0.9999750031246094,,0.015927553176879883,1,0.015927553176879883,36000.215927553174,36004.51592755318,4.4242937900518394e-07,4.4237653990206834e-07,0.9999940020483875,0.9999745607591275
php_pig21_hol20_satsuma_k168,php_pig21_hol20,satsuma,168,19771.2,s,unsat,0.0,1721.75,s,unsat,False,False,1.0,1.8208302986161689,20.91104980397851,,0.003240823745727539,1,0.003240823745727539,19771.203240823746,1721.7532408237457,1.6391636392851695e-07,1.8822811938933932e-06,1.820830000152287,20.911010443502718
php_pig21_hol20_satsuma_k252,php_pig21_hol20,satsuma,252,4.194,s,unsat,0.0,0.576,s,unsat,False,False,1.0,8583.690987124464,62506.25,,0.015958070755004883,1,0.015958070755004883,4.209958070755005,0.5919580707550048,0.003790553370557203,0.026958109946286196,8551.154048321398,60821.19964016995
php_pig21_hol20_satsuma_k336,php_pig21_hol20,satsuma,336,0.042,s,unsat,0.0,0.044,s,unsat,False,False,1.0,857142.857142857,818263.6363636364,,0.015818357467651367,1,0.015818357467651367,0.05781835746765137,0.059818357467651365,0.2735871124755063,0.26443984986056557,622639.6178781374,601882.123217276
php_pig21_hol20_satsuma_k420,php_pig21_hol20,satsuma,420,0.031,s,unsat,0.0,0.026,s,unsat,False,False,1.0,1161290.322580645,1384753.8461538462,,0.009088277816772461,1,0.009088277816772461,0.04008827781677246,0.035088277816772456,0.22670661629096056,0.25901179488576087,898018.123016949,1026086.2669865778
php_pig25_hol20_gen2_k0,php_pig25_hol20,gen2,0,36002.5,n,,,36000.0,n,,True,True,,1.0,1.0,,0.0,1,0.0,36002.5,36000.0,0.0,0.0,1.0,1.0
php_pig25_hol20_gen2_k100,php_pig25_hol20,gen2,100,36002.6,n,,,36003.1,n,,True,True,,0.9999972224228251,0.9999138963033739,,0.03189826011657715,1,0.03189826011657715,36002.631898260115,36003.131898260115,8.859980072212077e-07,8.859857027637826e-07,0.9999963364272788,0.9999130103939577
php_pig25_hol20_gen2_k200,php_pig25_hol20,gen2,200,36000.7,n,,,36001.9,n,,True,True,,1.0000499990277967,0.999947225007569,,0.1393442153930664,1,0.1393442153930664,36000.83934421539,36002.039344215395,3.870582406725365e-06,3.870453394620142e-06,1.0000461282518647,0.9999433547584375
php_pig25_hol20_gen2_k300,php_pig25_hol20,gen2,300,36000.1,n,,,36004.4,n,,True,True,,1.0000666664814821,0.9998777927142237,,0.35023021697998047,1,0.35023021697998047,36000.45023021698,36004.75023021698,9.728495469926505e-06,9.72733360849841e-06,1.0000569373374475,0.9998680665693663
php_pig25_hol20_gen2_k400,php_pig25_hol20,gen2,400,36000.2,n,,,36001.5,n,,True,True,,1.0000638885339526,0.9999583350693722,,0.6042134761810303,1,0.6042134761810303,36000.80421347618,36002.10421347618,1.678333274440728e-05,1.6782726715036373e-05,1.0000471041289458,0.9999415530419082
php_pig25_hol20_gen2_k500,php_pig25_hol20,gen2,500,36000.6,n,,,36002.8,n,,True,True,,1.0000527768981629,0.9999222282711344,,0.7785499095916748,1,0.7785499095916748,36001.37854990959,36003.578549909595,2.1625558268896623e-05,2.1624236838358107e-05,1.0000311501985641,0.9999006057160503
php_pig25_hol20_neighbors_k0,php_pig25_hol20,neighbors,0,36001.1,n,,,36001.4,n,,True,True,,1.0,1.0,,0.0,1,0.0,36001.1,36001.4,0.0,0.0,1.0,1.0
php_pig25_hol20_neighbors_k100,php_pig25_hol20,neighbors,100,36002.5,n,,,27982.2,s,unsat,True,False,,0.9999611138115408,1.2865821843886471,,0.1578834056854248,1,0.1578834056854248,36002.657883405685,27982.357883405686,4.3853263888663146e-06,5.642248103011149e-06,0.9999567286556806,1.2865749251727578
php_pig25_hol20_neighbors_k200,php_pig25_hol20,neighbors,200,207.184,s,unsat,0.0,1.823,s,unsat,False,False,1.0,173.76390068731175,19748.436642896326,,0.4154164791107178,1,0.4154164791107178,207.59941647911072,2.2384164791107177,0.0020010483948181917,0.18558498071625848,173.41619071276406,16083.42340934816
php_pig25_hol20_neighbors_k300,php_pig25_hol20,neighbors,300,0.048,s,unsat,0.0,0.099,s,unsat,False,False,1.0,750022.9166666666,363650.50505050505,,0.7945754528045654,1,0.7945754528045654,0.8425754528045655,0.8935754528045654,0.943031808201593,0.8892091320444404,42727.449369867194,40289.15508702307
php_pig25_hol20_neighbors_k400,php_pig25_hol20,neighbors,400,0.072,s,unsat,0.0,0.111,s,unsat,False,False,1.0,500015.2777777778,324336.9369369369,,1.2860071659088135,1,1.2860071659088135,1.3580071659088135,1.3970071659088135,0.946981133967864,0.9205444304734187,26510.243026521242,25770.3760428312
php_pig25_hol20_neighbors_k500,php_pig25_hol20,neighbors,500,0.098,s,unsat,0.0,0.14,s,unsat,False,False,1.0,367358.1632653061,257152.85714285713,,2.137575149536133,1,2.137575149536133,2.2355751495361327,2.277575149536133,0.9561634060835154,0.9385311171714735,16103.730624966909,15806.89884473507
php_pig25_hol20_nongen_k0,php_pig25_hol20,nongen,0,36000.3,n,,,36001.1,n,,True,True,,1.0,1.0,,0.0,1,0.0,36000.3,36001.1,0.0,0.0,1.0,1.0
php_pig25_hol20_nongen_k100,php_pig25_hol20,nongen,100,36036.5,n,,,36050.2,n,,True,True,,0.9989954629334148,0.9986380103300398,,0.17204689979553223,1,0.17204689979553223,36036.672046899796,36050.37204689979,4.77421720772724e-06,4.772402891479387e-06,0.9989906935120852,0.9986332444271118
php_pig25_hol20_nongen_k200,php_pig25_hol20,nongen,200,36002.9,n,,,36003.7,n,,True,True,,0.9999277835952104,0.9999277851998545,,0.45835041999816895,1,0.45835041999816895,36003.35835042,36004.158350419995,1.2730768489346273e-05,1.2730485616054464e-05,0.9999150537460915,0.999915055633568
php_pig25_hol20_nongen_k300,php_pig25_hol20,nongen,300,36004.4,n,,,16543.0,s,unsat,True,False,,0.9998861250291632,2.1762135042011725,,1.0375714302062988,1,1.0375714302062988,36005.43757143021,16544.037571430206,2.8817075980479035e-05,6.271573222234906e-05,0.9998573112347263,2.1760770213777847
php_pig25_hol20_nongen_k400,php_pig25_hol20,nongen,400,36000.3,n,,,32522.3,s,unsat,True,False,,1.0,1.1069666044529445,,1.485541582107544,1,1.485541582107544,36001.78554158211,32523.785541582107,4.1262997369720496e-05,4.567554352516126e-05,0.9999587370026303,1.106916043151622
php_pig25_hol20_nongen_k500,php_pig25_hol20,nongen,500,36000.4,n,,,12363.1,s,unsat,True,False,,0.9999972222530861,2.9119800050149234,,2.1454408168792725,1,2.1454408168792725,36002.54544081688,12365.24544081688,5.9591364738531484e-05,0.00017350572029871,0.9999376310538773,2.9114747598266577
php_pig25_hol20_randtrans_k0,php_pig25_hol20,randtrans,0,36001.8,n,,,36008.0,n,,True,True,,1.0,1.0,,0.0,1,0.0,36001.8,36008.0,0.0,0.0,1.0,1.0
php_pig25_hol20_randtrans_k100,php_pig25_hol20,randtrans,100,36000.8,n,,,36000.0,n,,True,True,,1.0000277771605075,1.0002222222222221,,0.23734807968139648,1,0.23734807968139648,36001.037348079684,36000.23734807968,6.592812240007767e-06,6.592958745980519e-06,1.0000211841651379,1.0002156277983743
php_pig25_hol20_randtrans_k200,php_pig25_hol20,randtrans,200,36001.3,n,,,36000.1,n,,True,True,,1.0000138883873637,1.0002194438348784,,0.4872274398803711,1,0.4872274398803711,36001.78722743988,36000.58722743988,1.3533423682616943e-05,1.3533874789381303e-05,1.0000003547757237,1.0002059069901634
php_pig25_hol20_randtrans_k300,php_pig25_hol20,randtrans,300,36001.9,n,,,11020.7,s,unsat,True,False,,0.9999972223688195,3.267306069487419,,0.9672248363494873,1,0.9672248363494873,36002.86722483635,11021.66722483635,2.6865216881455857e-05,8.775667207316256e-05,0.9999703572265597,3.267019341580116
php_pig25_hol20_randtrans_k400,php_pig25_hol20,randtrans,400,36001.7,n,,,6152.57,s,unsat,True,False,,1.0000027776466114,5.852513665021284,,1.5110266208648682,1,1.5110266208648682,36003.21102662086,6154.081026620865,4.196921823855132e-05,0.0002455324546960922,0.9999608083117971,5.851076682974969
php_pig25_hol20_randtrans_k500,php_pig25_hol20,randtrans,500,36000.8,n,,,4179.09,s,unsat,True,False,,1.0000277771605075,8.616229849081977,,2.1702373027801514,1,2.1702373027801514,36002.97023730278,4181.26023730278,6.027939607414841e-05,0.0005190390407701851,0.999967496090043,8.611757689406055
php_pig25_hol20_satsuma_k0,php_pig25_hol20,satsuma,0,36000.5,n,,,36000.0,n,,True,True,,1.0,1.0,,0.0,1,0.0,36000.5,36000.0,0.0,0.0,1.0,1.0
php_pig25_hol20_satsuma_k100,php_pig25_hol20,satsuma,100,36000.6,n,,,17756.5,s,unsat,True,False,,0.9999972222685178,2.0274265761833696,,0.022814273834228516,1,0.022814273834228516,36000.62281427383,17756.522814273834,6.337188651409363e-07,1.2848390460709421e-06,0.9999965885514129,2.027423971266541
php_pig25_hol20_satsuma_k200,php_pig25_hol20,satsuma,200,410.02,s,unsat,0.0,2.344,s,unsat,False,False,1.0,87.80181454563193,15358.361774744028,,0.013502836227416992,1,0.013502836227416992,410.0335028362274,2.357502836227417,3.293105596010333e-05,0.005727601265169566,87.79892313916372,15270.395202412072
php_pig25_hol20_satsuma_k300,php_pig25_hol20,satsuma,300,0.077,s,unsat,0.0,0.039,s,unsat,False,False,1.0,467538.961038961,923076.9230769231,,0.018984556198120117,1,0.018984556198120117,0.09598455619812012,0.05798455619812012,0.197787612404379,0.32740711394348143,375065.54622904095,620854.9717444787
php_pig25_hol20_satsuma_k400,php_pig25_hol20,satsuma,400,0.035,s,unsat,0.0,0.028,s,unsat,False,False,1.0,1028585.7142857142,1285714.2857142857,,0.028102636337280273,1,0.028102636337280273,0.06310263633728028,0.05610263633728027,0.4453480546687964,0.5009147193784552,570507.067368457,641681.0750848433
php_pig25_hol20_satsuma_k500,php_pig25_hol20,satsuma,500,0.04,s,unsat,0.0,0.032,s,unsat,False,False,1.0,900012.5,1125000.0,,0.023466825485229492,1,0.023466825485229492,0.0634668254852295,0.05546682548522949,0.36974947629436544,0.42307857498494444,567233.3494666173,649036.6031419375
php_pig31_hol30_gen2_k0,php_pig31_hol30,gen2,0,36000.5,n,,,36000.6,n,,True,True,,1.0,1.0,,0.0,1,0.0,36000.5,36000.6,0.0,0.0,1.0,1.0
php_pig31_hol30_gen2_k186,php_pig31_hol30,gen2,186,36000.1,n,,,36000.1,n,,True,True,,1.000011111080247,1.0000138888503087,,0.1114192008972168,1,0.1114192008972168,36000.211419200896,36000.211419200896,3.0949596267590473e-06,3.0949596267590473e-06,1.000008016086232,1.0000107938476965
php_pig31_hol30_gen2_k372,php_pig31_hol30,gen2,372,36002.2,n,,,36003.9,n,,True,True,,0.999952780663404,0.9999083432628131,,0.4305276870727539,1,0.4305276870727539,36002.63052768707,36004.330527687074,1.1958228628368297e-05,1.1957664002158884e-05,0.9999408229994352,0.9998963866948114
php_pig31_hol30_gen2_k558,php_pig31_hol30,gen2,558,36000.1,n,,,36000.1,n,,True,True,,1.000011111080247,1.0000138888503087,,0.9666547775268555,1,0.9666547775268555,36001.066654777525,36001.066654777525,2.6850726029768215e-05,2.6850726029768215e-05,0.9999842600558767,0.9999870377513532
php_pig31_hol30_gen2_k744,php_pig31_hol30,gen2,744,36000.2,n,,,36000.4,n,,True,True,,1.0000083332870373,1.0000055554938279,,1.6695425510406494,1,1.6695425510406494,36001.86954255104,36002.06954255104,4.637377370270722e-05,4.637351608544081e-05,0.9999619591268887,0.9999591817201146
php_pig31_hol30_gen2_k930,php_pig31_hol30,gen2,930,36003.9,n,,,36001.5,n,,True,True,,0.9999055657859287,0.9999750010416232,,2.617936372756958,1,2.617936372756958,36006.51793637276,36004.11793637276,7.270729086836784e-05,7.271213746670397e-05,0.9998328653611163,0.9999022907218842
php_pig31_hol30_neighbors_k0,php_pig31_hol30,neighbors,0,36001.6,n,,,36000.0,n,,True,True,,1.0,1.0,,0.0,1,0.0,36001.6,36000.0,0.0,0.0,1.0,1.0
php_pig31_hol30_neighbors_k186,php_pig31_hol30,neighbors,186,36000.1,n,,,36000.1,n,,True,True,,1.0000416665509262,0.9999972222299383,,0.6040654182434082,1,0.6040654182434082,36000.70406541824,36000.70406541824,1.6779266792830998e-05,1.6779266792830998e-05,1.0000248865849992,0.9999804430097544
php_pig31_hol30_neighbors_k372,php_pig31_hol30,neighbors,372,36001.4,n,,,36003.2,n,,True,True,,1.0000055553395144,0.9999111190116435,,1.5875980854034424,1,1.5875980854034424,36002.987598085405,36004.7875980854,4.409628731721889e-05,4.409408279602974e-05,0.9999614588072274,0.9998670288479731
php_pig31_hol30_neighbors_k558,php_pig31_hol30,neighbors,558,15807.1,s,unsat,0.0,4.463,s,unsat,False,False,1.0,2.277558818505608,8066.3231010531035,,2.9533607959747314,1,2.9533607959747314,15810.053360795975,7.4163607959747315,0.00018680270892052454,0.39822237310483644,2.2771333643485856,4854.132773521373
php_pig31_hol30_neighbors_k744,php_pig31_hol30,neighbors,744,0.154,s,unsat,0.0,0.198,s,unsat,False,False,1.0,233776.62337662338,181818.18181818182,,4.836840391159058,1,4.836840391159058,4.9908403911590575,5.034840391159058,0.9691434732569688,0.9606740264601676,7213.534631116323,7150.177007242236
php_pig31_hol30_neighbors_k930,php_pig31_hol30,neighbors,930,0.276,s,unsat,0.0,0.728,s,unsat,False,False,1.0,130440.57971014491,49450.54945054945,,9.387099027633667,1,9.387099027633667,9.663099027633667,10.115099027633667,0.971437734497937,0.9280283862756894,3725.6784699241766,3559.0358435098647
php_pig31_hol30_nongen_k0,php_pig31_hol30,nongen,0,36000.2,n,,,36000.6,n,,True,True,,1.0,1.0,,0.0,1,0.0,36000.2,36000.6,0.0,0.0,1.0,1.0
php_pig31_hol30_nongen_k186,php_pig31_hol30,nongen,186,36000.8,n,,,36000.4,n,,True,True,,0.9999833337036953,1.0000055554938279,,0.5873017311096191,1,0.5873017311096191,36001.38730173111,36000.98730173111,1.6313308323020623e-05,1.631348957703109e-05,0.9999670206672547,0.9999892419136213
php_pig31_hol30_nongen_k372,php_pig31_hol30,nongen,372,36001.3,n,,,36002.4,n,,True,True,,0.9999694455477995,0.999950003333111,,1.4445245265960693,1,1.4445245265960693,36002.7445245266,36003.8445245266,4.012262247429492e-05,4.012139663618501e-05,0.9999293241512499,0.999909883942411
php_pig31_hol30_nongen_k558,php_pig31_hol30,nongen,558,36000.1,n,,,36001.9,n,,True,True,,1.0000027777700617,0.9999638907946524,,2.8769383430480957,1,2.8769383430480957,36002.97693834305,36004.77693834305,7.990834613412666e-05,7.990435124691244e-05,0.9999228692019606,0.9998839893286882
php_pig31_hol30_nongen_k744,php_pig31_hol30,nongen,744,36000.1,n,,,36002.0,n,,True,True,,1.0000027777700617,0.9999611132714848,,6.5794007778167725,1,6.5794007778167725,36006.679400777815,36008.57940077782,0.00018272722970601516,0.00018271758806665534,0.9998200500327815,0.9997784027887074
php_pig31_hol30_nongen_k930,php_pig31_hol30,nongen,930,36000.6,n,,,36000.9,n,,True,True,,0.9999888890740709,0.9999916668749947,,9.526755094528198,1,9.526755094528198,36010.12675509453,36010.42675509453,0.000264557666217612,0.0002645554622087452,0.999724334347334,0.9997271136173597
php_pig31_hol30_randtrans_k0,php_pig31_hol30,randtrans,0,36000.2,n,,,36000.1,n,,True,True,,1.0,1.0,,0.0,1,0.0,36000.2,36000.1,0.0,0.0,1.0,1.0
php_pig31_hol30_randtrans_k186,php_pig31_hol30,randtrans,186,36000.2,n,,,36000.2,n,,True,True,,1.0,0.9999972222376543,,0.6190834045410156,1,0.6190834045410156,36000.81908340454,36000.81908340454,1.7196369979992965e-05,1.7196369979992965e-05,0.99998280363002,0.9999800259154417
php_pig31_hol30_randtrans_k372,php_pig31_hol30,randtrans,372,36000.2,n,,,36000.4,n,,True,True,,1.0,0.9999916667592581,,1.4141960144042969,1,1.4141960144042969,36001.6141960144,36001.814196014406,3.9281461289612315e-05,3.928124307026883e-05,0.9999607185387104,0.999952385843528
php_pig31_hol30_randtrans_k558,php_pig31_hol30,randtrans,558,36000.4,n,,,36001.6,n,,True,True,,0.999994444506172,0.9999583351851029,,3.0407752990722656,1,3.0407752990722656,36003.440775299074,36004.64077529907,8.445790828854486e-05,8.44550933878053e-05,0.9999099870670889,0.9998738836105209
php_pig31_hol30_randtrans_k744,php_pig31_hol30,randtrans,744,36000.3,n,,,36003.8,n,,True,True,,0.99999722224537,0.9998972330698425,,5.1687235832214355,1,5.1687235832214355,36005.468723583224,36008.968723583224,0.00014355384796965504,0.0001435398948217115,0.9998536687961578,0.9997537079261751
php_pig31_hol30_randtrans_k930,php_pig31_hol30,randtrans,930,36000.4,n,,,36000.1,n,,True,True,,0.999994444506172,1.0,,10.906750917434692,1,10.906750917434692,36011.306750917436,36011.00675091743,0.00030287017888227087,0.00030287270202899357,0.9996915760098831,0.999697127297971
php_pig31_hol30_satsuma_k0,php_pig31_hol30,satsuma,0,36000.8,n,,,36002.0,n,,True,True,,1.0,1.0,,0.0,1,0.0,36000.8,36002.0,0.0,0.0,1.0,1.0
php_pig31_hol30_satsuma_k186,php_pig31_hol30,satsuma,186,36001.4,n,,,36002.0,n,,True,True,,0.9999833339814563,1.0,,0.045609474182128906,1,0.045609474182128906,36001.44560947418,36002.04560947418,1.2668789658303683e-06,1.2668578523806565e-06,0.9999820671236043,0.9999987331421476
php_pig31_hol30_satsuma_k372,php_pig31_hol30,satsuma,372,36000.2,n,,,36000.1,n,,True,True,,1.0000166665740748,1.0000527776311734,,0.034491777420043945,1,0.034491777420043945,36000.23449177742,36000.13449177742,9.58098687604993e-07,9.581013489802937e-07,1.000015708459419,1.000051819479258
php_pig31_hol30_satsuma_k558,php_pig31_hol30,satsuma,558,36002.3,n,,,17957.4,s,unsat,True,False,,0.9999583359952003,2.004855936828271,,0.050750017166137695,1,0.050750017166137695,36002.35075001717,17957.450750017168,1.409630652134944e-06,2.8261259280407147e-06,0.999956926423279,2.004850270852926
php_pig31_hol30_satsuma_k744,php_pig31_hol30,satsuma,744,2.503,s,unsat,0.0,0.554,s,unsat,False,False,1.0,14383.060327606872,64985.559566787,,0.0575253963470459,1,0.0575253963470459,2.560525396347046,0.611525396347046,0.022466247133933553,0.0940686955777708,14059.92693974458,58872.45274694782
php_pig31_hol30_satsuma_k930,php_pig31_hol30,satsuma,930,0.045,s,unsat,0.0,0.057,s,unsat,False,False,1.0,800017.7777777779,631614.0350877193,,0.06365013122558594,1,0.06365013122558594,0.10865013122558594,0.12065013122558593,0.585826547171229,0.5275595689703472,331346.1253466227,298400.0069812204
php_pig35_hol15_gen2_k0,php_pig35_hol15,gen2,0,36001.9,n,,,369.153,s,unsat,True,False,,1.0,1.0,,0.0037665367126464844,1,0.0037665367126464844,36001.903766536714,369.15676653671267,1.0462048721288539e-07,1.020308187218858e-05,1.0,1.0
php_pig35_hol15_gen2_k105,php_pig35_hol15,gen2,105,36003.3,n,,,46.777,s,unsat,True,False,,0.9999611146755991,7.8917630459413814,,0.03770780563354492,1,0.03770780563354492,36003.33770780564,46.814707805633546,1.04734194200472e-06,0.000805469208311651,0.9999601719907038,7.885486930077334
php_pig35_hol15_gen2_k210,php_pig35_hol15,gen2,210,36001.8,n,,,47.51,s,unsat,True,False,,1.0000027776388958,7.770006314460114,,0.12738585472106934,1,0.12738585472106934,36001.927385854724,47.63738585472107,3.538306528864331e-06,0.0026740731556839795,0.9999993439429574,7.749307815977221
php_pig35_hol15_gen2_k315,php_pig35_hol15,gen2,315,36053.6,n,,,75.291,s,unsat,True,False,,0.9985660239199415,4.903016296768539,,0.2854149341583252,1,0.2854149341583252,36053.88541493416,75.57641493415832,7.916343297638076e-06,0.003776507980789732,0.9985582233981386,4.88454985405592
php_pig35_hol15_gen2_k420,php_pig35_hol15,gen2,420,36000.5,n,,,140.302,s,unsat,True,False,,1.000038888348773,2.6311314165158017,,0.5315477848052979,1,0.5315477848052979,36001.031547784805,140.8335477848053,1.4764793172655764e-05,0.003774298050188346,1.0000242276044438,2.6212274869393117
php_pig35_hol15_gen2_k525,php_pig35_hol15,gen2,525,36000.1,n,,,3547.7,s,unsat,True,False,,1.0000499998611116,0.10405417594497844,,0.8108260631561279,1,0.8108260631561279,36000.910826063155,3548.510826063156,2.2522376366353592e-05,0.0002284975593707536,1.0000275809820023,0.10403146126124922
php_pig35_hol15_neighbors_k0,php_pig35_hol15,neighbors,0,36004.1,n,,,341.336,s,unsat,True,False,,1.0,1.0,,0.0,1,0.0,36004.1,341.336,0.0,0.0,1.0,1.0
php_pig35_hol15_neighbors_k105,php_pig35_hol15,neighbors,105,3.046,s,unsat,0.0,0.089,s,unsat,False,False,1.0,11820.124753775444,3835.23595505618,,0.17960739135742188,1,0.17960739135742188,3.2256073913574217,0.26860739135742184,0.05568172736665211,0.6686613888388041,11161.959789795903,1270.761754823798
php_pig35_hol15_neighbors_k210,php_pig35_hol15,neighbors,210,0.051,s,unsat,0.0,0.07,s,unsat,False,False,1.0,705962.7450980393,4876.228571428571,,0.48311948776245117,1,0.48311948776245117,0.5341194877624512,0.5531194877624512,0.9045157475649303,0.8734450664843271,67408.32496269592,617.110782664367
php_pig35_hol15_neighbors_k315,php_pig35_hol15,neighbors,315,0.073,s,unsat,0.0,0.076,s,unsat,False,False,1.0,493206.8493150685,4491.263157894738,,1.0240538120269775,1,1.0240538120269775,1.0970538120269775,1.1000538120269776,0.933458141068649,0.9309124706727199,32818.90059109938,310.2902751375849
php_pig35_hol15_neighbors_k420,php_pig35_hol15,neighbors,420,0.101,s,unsat,0.0,0.142,s,unsat,False,False,1.0,356476.23762376234,2403.774647887324,,1.6214160919189453,1,1.6214160919189453,1.7224160919189453,1.7634160919189452,0.9413614396231773,0.9194744787400256,20903.25338280357,193.56520651263818
php_pig35_hol15_neighbors_k525,php_pig35_hol15,neighbors,525,0.1,s,unsat,0.0,0.149,s,unsat,False,False,1.0,360040.99999999994,2290.8456375838928,,2.629148244857788,1,2.629148244857788,2.729148244857788,2.778148244857788,0.9633585312969282,0.946367152913531,13192.431033322677,122.86457377924151
php_pig35_hol15_nongen_k0,php_pig35_hol15,nongen,0,36000.1,n,,,423.924,s,unsat,True,False,,1.0,1.0,,0.015768766403198242,1,0.015768766403198242,36000.1157687664,423.9397687664032,4.3801988039380636e-07,3.7195770637613983e-05,1.0,1.0
php_pig35_hol15_nongen_k105,php_pig35_hol15,nongen,105,36001.2,n,,,26.082,s,unsat,True,False,,0.9999694454629291,16.253508166551644,,0.19267845153808594,1,0.19267845153808594,36001.392678451535,26.274678451538087,5.351972165604936e-06,0.007333237279895495,0.9999645316586351,16.13491748522564
php_pig35_hol15_nongen_k210,php_pig35_hol15,nongen,210,17.799,s,unsat,0.0,10.387,s,unsat,False,False,1.0,2022.5911568065621,40.81293925098681,,0.5355312824249268,1,0.5355312824249268,18.334531282424926,10.922531282424927,0.029208888636181016,0.04902996096579113,1963.5143770092072,38.81332612418792
php_pig35_hol15_nongen_k315,php_pig35_hol15,nongen,315,156.854,s,unsat,0.0,19.665,s,unsat,False,False,1.0,229.5134328738827,21.55728451563692,,1.0019903182983398,1,1.0019903182983398,157.85599031829835,20.66699031829834,0.006347496324199938,0.048482643232826604,228.0566970957284,20.51289337427382
php_pig35_hol15_nongen_k420,php_pig35_hol15,nongen,420,8.429,s,unsat,0.0,7.839,s,unsat,False,False,1.0,4270.981136552378,54.07883658629927,,1.6468894481658936,1,1.6468894481658936,10.075889448165894,9.485889448165894,0.16344854284458982,0.17361465755689587,3572.897058266104,44.691620230549105
php_pig35_hol15_nongen_k525,php_pig35_hol15,nongen,525,2.416,s,unsat,0.0,1.618,s,unsat,False,False,1.0,14900.703642384105,262.00494437577254,,2.3438587188720703,1,2.3438587188720703,4.759858718872071,3.9618587188720706,0.49242190941068253,0.5916058307953393,7563.274016102991,107.00527172940119
php_pig35_hol15_randtrans_k0,php_pig35_hol15,randtrans,0,36006.5,n,,,375.697,s,unsat,True,False,,1.0,1.0,,0.0,1,0.0,36006.5,375.697,0.0,0.0,1.0,1.0
php_pig35_hol15_randtrans_k105,php_pig35_hol15,randtrans,105,14468.6,s,unsat,0.0,11.035,s,unsat,False,False,1.0,2.48859599408374,34.045944721341186,,0.22223353385925293,1,0.22223353385925293,14468.82223353386,11.257233533859253,1.535947641572307e-05,0.01974139855860891,2.4885577705522604,33.37383015729282
php_pig35_hol15_randtrans_k210,php_pig35_hol15,randtrans,210,103.134,s,unsat,0.0,17.817,s,unsat,False,False,1.0,349.1234704365195,21.086434304316104,,0.5264143943786621,1,0.5264143943786621,103.66041439437866,18.343414394378662,0.005078258633772244,0.02869773222481316,347.3505311585227,20.481301459074725
php_pig35_hol15_randtrans_k315,php_pig35_hol15,randtrans,315,26.914,s,unsat,0.0,9.973,s,unsat,False,False,1.0,1337.8353273389314,37.671412814599414,,1.159377098083496,1,1.159377098083496,28.073377098083498,11.132377098083497,0.041298098694461806,0.1041446124101464,1282.5852719535505,33.748138128080335
php_pig35_hol15_randtrans_k420,php_pig35_hol15,randtrans,420,2.743,s,unsat,0.0,4.706,s,unsat,False,False,1.0,13126.686110098433,79.8336166595835,,1.730966567993164,1,1.730966567993164,4.473966567993164,6.4369665679931645,0.3868975196141449,0.26891029333601507,8048.003813347899,58.365535385579925
php_pig35_hol15_randtrans_k525,php_pig35_hol15,randtrans,525,1.706,s,unsat,0.0,0.657,s,unsat,False,False,1.0,21105.803048065653,571.8371385083714,,2.6564390659332275,1,2.6564390659332275,4.362439065933227,3.3134390659332276,0.6089343657949646,0.8017165890404094,8253.754254398364,113.38581833681171
php_pig35_hol15_satsuma_k0,php_pig35_hol15,satsuma,0,36002.6,n,,,289.818,s,unsat,True,False,,1.0,1.0,,0.0,1,0.0,36002.6,289.818,0.0,0.0,1.0,1.0
php_pig35_hol15_satsuma_k105,php_pig35_hol15,satsuma,105,1.801,s,unsat,0.0,0.081,s,unsat,False,False,1.0,19990.338700721823,3577.9999999999995,,0.0158994197845459,1,0.0158994197845459,1.8168994197845458,0.0968994197845459,0.008750853025442271,0.1640816820152068,19815.406184822994,2990.91574174959
php_pig35_hol15_satsuma_k210,php_pig35_hol15,satsuma,210,0.03,s,unsat,0.0,0.017,s,unsat,False,False,1.0,1200086.6666666667,17048.11764705882,,0.015911340713500977,1,0.015911340713500977,0.045911340713500975,0.03291134071350098,0.34656667538401875,0.4834607271703697,784176.6204273109,8806.022292525751
php_pig35_hol15_satsuma_k315,php_pig35_hol15,satsuma,315,0.035,s,unsat,0.0,0.028,s,unsat,False,False,1.0,1028645.7142857142,10350.642857142857,,0.031716108322143555,1,0.031716108322143555,0.06671610832214356,0.05971610832214355,0.4753890644969882,0.5311147898494716,539638.7904725923,4853.263351264494
php_pig35_hol15_satsuma_k420,php_pig35_hol15,satsuma,420,0.022,s,unsat,0.0,0.017,s,unsat,False,False,1.0,1636481.8181818181,17048.11764705882,,0.023751497268676758,1,0.023751497268676758,0.04575149726867676,0.04075149726867676,0.5191414202074202,0.582837413606717,786916.3229472879,7111.836850784027
php_pig35_hol15_satsuma_k525,php_pig35_hol15,satsuma,525,0.054,s,unsat,0.0,0.028,s,unsat,False,False,1.0,666714.8148148148,10350.642857142857,,0.027741432189941406,1,0.027741432189941406,0.0817414321899414,0.0557414321899414,0.3393803050266973,0.49768064974382514,440444.937597145,5199.328194733718
php_pig40_hol10_gen2_k0,php_pig40_hol10,gen2,0,313.555,s,unsat,0.0,0.142,s,unsat,False,False,1.0,1.0,1.0,,0.0,1,0.0,313.555,0.142,0.0,0.0,1.0,1.0
php_pig40_hol10_gen2_k80,php_pig40_hol10,gen2,80,4.008,s,unsat,0.0,0.198,s,unsat,False,False,1.0,78.23228542914171,0.7171717171717171,,0.01535487174987793,1,0.01535487174987793,4.023354871749878,0.21335487174987794,0.0038164348508486485,0.07196869527253584,77.93371700856841,0.6655578044005045
php_pig40_hol10_gen2_k160,php_pig40_hol10,gen2,160,5.785,s,unsat,0.0,0.27,s,unsat,False,False,1.0,54.201382886776145,0.5259259259259258,,0.07981085777282715,1,0.07981085777282715,5.864810857772827,0.34981085777282717,0.013608428252558424,0.22815431825348775,53.463787256572004,0.4059336548444619
php_pig40_hol10_gen2_k240,php_pig40_hol10,gen2,240,5.214,s,unsat,0.0,0.254,s,unsat,False,False,1.0,60.13713080168776,0.5590551181102361,,0.17434477806091309,1,0.17434477806091309,5.3883447780609135,0.4283447780609131,0.03235590617192354,0.40701973501383565,58.19133944001966,0.33150865207887925
php_pig40_hol10_gen2_k320,php_pig40_hol10,gen2,320,4.222,s,unsat,0.0,0.153,s,unsat,False,False,1.0,74.26693510184747,0.9281045751633986,,0.2994875907897949,1,0.2994875907897949,4.521487590789795,0.45248759078979495,0.06623651724707745,0.6618691802510075,69.34775197408636,0.3138207608127903
php_pig40_hol10_gen2_k400,php_pig40_hol10,gen2,400,7.557,s,unsat,0.0,0.244,s,unsat,False,False,1.0,41.4919941775837,0.5819672131147541,,0.4632303714752197,1,0.4632303714752197,8.02023037147522,0.7072303714752197,0.05775773887028813,0.6549921923021523,39.0955104126673,0.20078323234874743
php_pig40_hol10_neighbors_k0,php_pig40_hol10,neighbors,0,315.544,s,unsat,0.0,0.198,s,unsat,False,False,1.0,1.0,1.0,,0.0,1,0.0,315.544,0.198,0.0,0.0,1.0,1.0
php_pig40_hol10_neighbors_k80,php_pig40_hol10,neighbors,80,0.04,s,unsat,0.0,0.034,s,unsat,False,False,1.0,7888.599999999999,5.823529411764706,,0.12764382362365723,1,0.12764382362365723,0.16764382362365723,0.16164382362365723,0.7613989043235151,0.7896610013435492,1882.2286033535188,1.2249153451169779
php_pig40_hol10_neighbors_k160,php_pig40_hol10,neighbors,160,0.042,s,unsat,0.0,0.054,s,unsat,False,False,1.0,7512.95238095238,3.666666666666667,,0.3296382427215576,1,0.3296382427215576,0.3716382427215576,0.3836382427215576,0.8869868727921318,0.859242395604463,849.062243135228,0.516111216116969
php_pig40_hol10_neighbors_k240,php_pig40_hol10,neighbors,240,0.05,s,unsat,0.0,0.058,s,unsat,False,False,1.0,6310.879999999999,3.413793103448276,,0.6830260753631592,1,0.6830260753631592,0.7330260753631592,0.7410260753631592,0.931789602470514,0.9217301496825525,430.4676335608821,0.26719707522163094
php_pig40_hol10_neighbors_k320,php_pig40_hol10,neighbors,320,0.056,s,unsat,0.0,0.073,s,unsat,False,False,1.0,5634.714285714285,2.712328767123288,,1.0948173999786377,1,1.0948173999786377,1.1508173999786377,1.1678173999786376,0.9513389352637182,0.9374902274950387,274.1911966275947,0.1695470541915388
php_pig40_hol10_neighbors_k400,php_pig40_hol10,neighbors,400,0.083,s,unsat,0.0,0.085,s,unsat,False,False,1.0,3801.7349397590356,2.3294117647058825,,1.6566493511199951,1,1.6566493511199951,1.739649351119995,1.741649351119995,0.9522892357896353,0.9511956870392199,181.38367930114833,0.11368534077922918
php_pig40_hol10_nongen_k0,php_pig40_hol10,nongen,0,273.779,s,unsat,0.0,0.12,s,unsat,False,False,1.0,1.0,1.0,,0.0,1,0.0,273.779,0.12,0.0,0.0,1.0,1.0
php_pig40_hol10_nongen_k80,php_pig40_hol10,nongen,80,0.063,s,unsat,0.0,0.078,s,unsat,False,False,1.0,4345.6984126984125,1.5384615384615383,,0.1431891918182373,1,0.1431891918182373,0.2061891918182373,0.22118919181823732,0.6944553715718688,0.6473607080037768,1327.8048067686564,0.5425219876864971
php_pig40_hol10_nongen_k160,php_pig40_hol10,nongen,160,0.05,s,unsat,0.0,0.055,s,unsat,False,False,1.0,5475.58,2.1818181818181817,,0.33542299270629883,1,0.33542299270629883,0.3854229927062988,0.3904229927062988,0.8702723995553084,0.8591271492010346,710.3338544429441,0.30735894719774276
php_pig40_hol10_nongen_k240,php_pig40_hol10,nongen,240,0.153,s,unsat,0.0,0.128,s,unsat,False,False,1.0,1789.4052287581699,0.9375,,0.6673851013183594,1,0.6673851013183594,0.8203851013183594,0.7953851013183594,0.8135022201718084,0.839071665048995,333.7201023763559,0.1508703140165672
php_pig40_hol10_nongen_k320,php_pig40_hol10,nongen,320,0.063,s,unsat,0.0,0.142,s,unsat,False,False,1.0,4345.6984126984125,0.8450704225352114,,1.1431562900543213,1,1.1431562900543213,1.2061562900543212,1.2851562900543212,0.9477679629750447,0.8895076022278988,226.98468039135287,0.09337385727219824
php_pig40_hol10_nongen_k400,php_pig40_hol10,nongen,400,0.107,s,unsat,0.0,0.093,s,unsat,False,False,1.0,2558.6822429906542,1.2903225806451613,,1.6705095767974854,1,1.6705095767974854,1.7775095767974853,1.7635095767974853,0.9398034185600392,0.9472642500933355,154.02392401916836,0.06804612891182521
php_pig40_hol10_randtrans_k0,php_pig40_hol10,randtrans,0,361.114,s,unsat,0.0,0.12,s,unsat,False,False,1.0,1.0,1.0,,0.0,1,0.0,361.114,0.12,0.0,0.0,1.0,1.0
php_pig40_hol10_randtrans_k80,php_pig40_hol10,randtrans,80,0.068,s,unsat,0.0,0.096,s,unsat,False,False,1.0,5310.499999999999,1.25,,0.12800908088684082,1,0.12800908088684082,0.19600908088684083,0.22400908088684082,0.6530772977847007,0.5714459448699991,1842.333010114347,0.535692568912501
php_pig40_hol10_randtrans_k160,php_pig40_hol10,randtrans,160,0.078,s,unsat,0.0,0.102,s,unsat,False,False,1.0,4629.666666666666,1.1764705882352942,,0.35249876976013184,1,0.35249876976013184,0.43049876976013185,0.4544987697601318,0.8188148132375371,0.775576950287826,838.827019647949,0.26402711730844003
php_pig40_hol10_randtrans_k240,php_pig40_hol10,randtrans,240,0.133,s,unsat,0.0,0.08,s,unsat,False,False,1.0,2715.142857142857,1.5,,0.6624798774719238,1,0.6624798774719238,0.7954798774719238,0.7424798774719238,0.8328053244757355,0.8922529721985293,453.95742900202447,0.1616205417022062
php_pig40_hol10_randtrans_k320,php_pig40_hol10,randtrans,320,0.098,s,unsat,0.0,0.144,s,unsat,False,False,1.0,3684.836734693877,0.8333333333333334,,1.095512866973877,1,1.095512866973877,1.193512866973877,1.2395128669738769,0.9178894482734177,0.8838253286135231,302.56397730809203,0.09681222615539742
php_pig40_hol10_randtrans_k400,php_pig40_hol10,randtrans,400,0.075,s,unsat,0.0,0.16,s,unsat,False,False,1.0,4814.8533333333335,0.75,,1.6890320777893066,1,1.6890320777893066,1.7640320777893066,1.8490320777893066,0.9574837663417151,0.9134682399932752,204.709429350372,0.0648988200050436
php_pig40_hol10_satsuma_k0,php_pig40_hol10,satsuma,0,361.405,s,unsat,0.0,0.195,s,unsat,False,False,1.0,1.0,1.0,,0.0,1,0.0,361.405,0.195,0.0,0.0,1.0,1.0
php_pig40_hol10_satsuma_k80,php_pig40_hol10,satsuma,80,0.063,s,unsat,0.0,0.028,s,unsat,False,False,1.0,5736.587301587301,6.964285714285714,,0.03199958801269531,1,0.03199958801269531,0.09499958801269531,0.05999958801269531,0.33683922932822646,0.5333301289656276,3804.279655946544,3.250022316132237
php_pig40_hol10_satsuma_k160,php_pig40_hol10,satsuma,160,0.03,s,unsat,0.0,0.014,s,unsat,False,False,1.0,12046.833333333332,13.928571428571429,,0.01616668701171875,1,0.01616668701171875,0.04616668701171875,0.03016668701171875,0.35018079178207157,0.5359119152009809,7828.263698200014,6.464084038272053
php_pig40_hol10_satsuma_k240,php_pig40_hol10,satsuma,240,0.033,s,unsat,0.0,0.019,s,unsat,False,False,1.0,10951.666666666666,10.263157894736842,,0.015930652618408203,1,0.015930652618408203,0.048930652618408205,0.034930652618408206,0.3255761320545913,0.456065129742605,7386.0653937821335,5.582489457904843
php_pig40_hol10_satsuma_k320,php_pig40_hol10,satsuma,320,0.038,s,unsat,0.0,0.018,s,unsat,False,False,1.0,9510.657894736842,10.833333333333334,,0.03174400329589844,1,0.03174400329589844,0.06974400329589844,0.04974400329589844,0.45515028956998893,0.6381473382243008,5181.879199946266,3.920070502570074
php_pig40_hol10_satsuma_k400,php_pig40_hol10,satsuma,400,0.034,s,unsat,0.0,0.017,s,unsat,False,False,1.0,10629.55882352941,11.470588235294118,,0.01586151123046875,1,0.01586151123046875,0.04986151123046875,0.03286151123046875,0.3181113215191981,0.4826774739368094,7248.175819010417,5.933993681313068
queens_n10_dihedral_gen_k0,queens_n10,dihedral_gen,0,0.758,s,sat,724.0,0.029,s,sat,False,False,725.0,1.0,1.0,1.0,0.0,1,0.0,0.758,0.029,0.0,0.0,1.0,1.0
queens_n10_dihedral_gen_k20,queens_n10,dihedral_gen,20,0.439,s,sat,255.0,0.038,s,sat,False,False,256.0,1.7266514806378133,0.7631578947368421,0.35220994475138123,0.0,1,0.0,0.439,0.038,0.0,0.0,1.7266514806378133,0.7631578947368421
queens_n10_dihedral_gen_k40,queens_n10,dihedral_gen,40,0.453,s,sat,251.0,0.044,s,sat,False,False,252.0,1.673289183222958,0.6590909090909092,0.34668508287292815,0.0,1,0.0,0.453,0.044,0.0,0.0,1.673289183222958,0.6590909090909092
queens_n10_dihedral_gen_k60,queens_n10,dihedral_gen,60,0.502,s,sat,251.0,0.031,s,sat,False,False,252.0,1.5099601593625498,0.935483870967742,0.34668508287292815,0.0,1,0.0,0.502,0.031,0.0,0.0,1.5099601593625498,0.935483870967742
queens_n10_dihedral_gen_k80,queens_n10,dihedral_gen,80,0.42,s,sat,251.0,0.029,s,sat,False,False,252.0,1.8047619047619048,1.0,0.34668508287292815,0.0,1,0.0,0.42,0.029,0.0,0.0,1.8047619047619048,1.0
queens_n10_dihedral_gen_k100,queens_n10,dihedral_gen,100,0.628,s,sat,251.0,0.045,s,sat,False,False,252.0,1.2070063694267517,0.6444444444444445,0.34668508287292815,0.00922846794128418,1,0.00922846794128418,0.6372284679412842,0.05422846794128418,0.01448219658343091,0.17017755233793982,1.18952626590726,0.5347744662711055
queens_n10_satsuma_k0,queens_n10,satsuma,0,0.728,s,sat,724.0,0.026,s,sat,False,False,725.0,1.0,1.0,1.0,0.0,1,0.0,0.728,0.026,0.0,0.0,1.0,1.0
queens_n10_satsuma_k20,queens_n10,satsuma,20,0.563,s,sat,389.0,0.036,s,sat,False,False,390.0,1.2930728241563056,0.7222222222222222,0.537292817679558,0.01799178123474121,1,0.01799178123474121,0.5809917812347412,0.05399178123474121,0.030967359291218438,0.33323185165012364,1.2530297734209468,0.4815547738082441
queens_n10_satsuma_k40,queens_n10,satsuma,40,0.728,s,sat,382.0,0.043,s,sat,False,False,383.0,1.0,0.6046511627906977,0.5276243093922652,0.0,1,0.0,0.728,0.043,0.0,0.0,1.0,0.6046511627906977
queens_n10_satsuma_k60,queens_n10,satsuma,60,0.263,s,sat,150.0,0.045,s,sat,False,False,151.0,2.768060836501901,0.5777777777777777,0.20718232044198895,0.0,1,0.0,0.263,0.045,0.0,0.0,2.768060836501901,0.5777777777777777
queens_n10_satsuma_k80,queens_n10,satsuma,80,0.263,s,sat,124.0,0.031,s,sat,False,False,125.0,2.768060836501901,0.8387096774193548,0.1712707182320442,0.0,1,0.0,0.263,0.031,0.0,0.0,2.768060836501901,0.8387096774193548
queens_n10_satsuma_k100,queens_n10,satsuma,100,0.454,s,sat,124.0,0.032,s,sat,False,False,125.0,1.6035242290748897,0.8125,0.1712707182320442,0.0,1,0.0,0.454,0.032,0.0,0.0,1.6035242290748897,0.8125
queens_n11_dihedral_gen_k0,queens_n11,dihedral_gen,0,2.706,s,sat,2680.0,0.04,s,sat,False,False,2681.0,1.0,1.0,1.0,0.0,1,0.0,2.706,0.04,0.0,0.0,1.0,1.0
queens_n11_dihedral_gen_k24,queens_n11,dihedral_gen,24,1.641,s,sat,969.0,0.036,s,sat,False,False,970.0,1.6489945155393053,1.1111111111111112,0.36156716417910445,0.0,1,0.0,1.641,0.036,0.0,0.0,1.6489945155393053,1.1111111111111112
queens_n11_dihedral_gen_k48,queens_n11,dihedral_gen,48,1.608,s,sat,964.0,0.03,s,sat,False,False,965.0,1.6828358208955223,1.3333333333333335,0.3597014925373134,0.004009723663330078,1,0.004009723663330078,1.6120097236633302,0.03400972366333008,0.002487406623216817,0.11789933088028696,1.6786499239288402,1.1761342254929508
queens_n11_dihedral_gen_k72,queens_n11,dihedral_gen,72,2.231,s,sat,964.0,0.045,s,sat,False,False,965.0,1.2129090094128194,0.888888888888889,0.3597014925373134,0.006009101867675781,1,0.006009101867675781,2.2370091018676757,0.05100910186767578,0.002686221465374813,0.11780450248397178,1.2096508671961883,0.7841737755698029
queens_n11_dihedral_gen_k96,queens_n11,dihedral_gen,96,2.485,s,sat,964.0,0.044,s,sat,False,False,965.0,1.088933601609658,0.9090909090909092,0.3597014925373134,0.008014440536499023,1,0.008014440536499023,2.493014440536499,0.05201444053649902,0.003214758970579532,0.15408106775415983,1.0854329425455178,0.769017211132582
queens_n11_dihedral_gen_k120,queens_n11,dihedral_gen,120,1.729,s,sat,964.0,0.037,s,sat,False,False,965.0,1.5650665124349334,1.0810810810810811,0.3597014925373134,0.011496543884277344,1,0.011496543884277344,1.7404965438842774,0.04849654388427734,0.006605324167217495,0.2370590347986538,1.554728740777044,0.8248010434609149
queens_n11_satsuma_k0,queens_n11,satsuma,0,2.331,s,sat,2680.0,0.024,s,sat,False,False,2681.0,1.0,1.0,1.0,0.0,1,0.0,2.331,0.024,0.0,0.0,1.0,1.0
queens_n11_satsuma_k24,queens_n11,satsuma,24,2.343,s,sat,1385.0,0.049,s,sat,False,False,1386.0,0.9948783610755442,0.4897959183673469,0.5167910447761194,0.015865802764892578,1,0.015865802764892578,2.3588658027648925,0.06486580276489258,0.006726030258396144,0.24459425596563575,0.9881867791155265,0.36999465013928046
queens_n11_satsuma_k48,queens_n11,satsuma,48,2.656,s,sat,1366.0,0.046,s,sat,False,False,1367.0,0.8776355421686747,0.5217391304347826,0.5097014925373134,0.0,1,0.0,2.656,0.046,0.0,0.0,0.8776355421686747,0.5217391304347826
queens_n11_satsuma_k72,queens_n11,satsuma,72,2.109,s,sat,941.0,0.047,s,sat,False,False,942.0,1.1052631578947367,0.5106382978723404,0.3511194029850746,0.0005075931549072266,1,0.0005075931549072266,2.109507593154907,0.04750759315490723,0.00024062162968946116,0.01068446370777248,1.1049972076724486,0.5051824015109248
queens_n11_satsuma_k96,queens_n11,satsuma,96,1.802,s,sat,683.0,0.034,s,sat,False,False,684.0,1.2935627081021086,0.7058823529411764,0.2548507462686567,0.004018545150756836,1,0.004018545150756836,1.8060185451507569,0.03801854515075684,0.0022250852083146185,0.10569960357036015,1.2906844208542834,0.631270868067981
queens_n11_satsuma_k120,queens_n11,satsuma,120,1.905,s,sat,679.0,0.03,s,sat,False,False,680.0,1.2236220472440944,0.8,0.2533582089552239,0.0039463043212890625,1,0.0039463043212890625,1.908946304321289,0.03394630432128906,0.0020672683733197724,0.11625136815892445,1.22109249208493,0.7069989054728605
queens_n12_dihedral_gen_k0,queens_n12,dihedral_gen,0,4.634,s,sat,14200.0,0.045,s,sat,False,False,14201.0,1.0,1.0,1.0,0.0,1,0.0,4.634,0.045,0.0,0.0,1.0,1.0
queens_n12_dihedral_gen_k28,queens_n12,dihedral_gen,28,5.179,s,sat,5193.0,0.006,s,sat,False,False,5194.0,0.8947673296003089,7.5,0.36570422535211267,0.0,1,0.0,5.179,0.006,0.0,0.0,0.8947673296003089,7.5
queens_n12_dihedral_gen_k56,queens_n12,dihedral_gen,56,7.587,s,sat,5174.0,0.007,s,sat,False,False,5175.0,0.6107816001054436,6.428571428571428,0.3643661971830986,0.0,1,0.0,7.587,0.007,0.0,0.0,0.6107816001054436,6.428571428571428
queens_n12_dihedral_gen_k84,queens_n12,dihedral_gen,84,5.678,s,sat,5173.0,0.006,s,sat,False,False,5174.0,0.8161324410003523,7.5,0.3642957746478873,0.0,1,0.0,5.678,0.006,0.0,0.0,0.8161324410003523,7.5
queens_n12_dihedral_gen_k112,queens_n12,dihedral_gen,112,7.063,s,sat,5173.0,0.008,s,sat,False,False,5174.0,0.6560951437066403,5.625,0.3642957746478873,0.015657663345336914,1,0.015657663345336914,7.078657663345337,0.023657663345336914,0.0022119537474478155,0.6618431886859674,0.654643891594836,1.9021320636414332
queens_n12_dihedral_gen_k140,queens_n12,dihedral_gen,140,7.731,s,sat,5173.0,0.007,s,sat,False,False,5174.0,0.5994049928857845,6.428571428571428,0.3642957746478873,0.03150177001953125,1,0.03150177001953125,7.762501770019531,0.03850177001953125,0.004058198110974729,0.8181901768035852,0.5969724886759467,1.1687774348340951
queens_n12_satsuma_k0,queens_n12,satsuma,0,4.093,s,sat,14200.0,0.029,s,sat,False,False,14201.0,1.0,1.0,1.0,0.0,1,0.0,4.093,0.029,0.0,0.0,1.0,1.0
queens_n12_satsuma_k28,queens_n12,satsuma,28,4.943,s,sat,12229.0,0.028,s,sat,False,False,12230.0,0.8280396520331783,1.0357142857142858,0.8611971830985915,0.015737295150756836,1,0.015737295150756836,4.9587372951507565,0.04373729515075683,0.003173649704360551,0.359814092218378,0.8254117442363044,0.6630496902023943
queens_n12_satsuma_k56,queens_n12,satsuma,56,3.756,s,sat,11350.0,0.028,s,sat,False,False,11351.0,1.0897231096911608,1.0357142857142858,0.7992957746478874,0.0,1,0.0,3.756,0.028,0.0,0.0,1.0897231096911608,1.0357142857142858
queens_n12_satsuma_k84,queens_n12,satsuma,84,5.349,s,sat,10366.0,0.046,s,sat,False,False,10367.0,0.7651897550944101,0.6304347826086957,0.73,0.0,1,0.0,5.349,0.046,0.0,0.0,0.7651897550944101,0.6304347826086957
queens_n12_satsuma_k112,queens_n12,satsuma,112,5.679,s,sat,8769.0,0.046,s,sat,False,False,8770.0,0.7207254798379996,0.6304347826086957,0.6175352112676057,0.0,1,0.0,5.679,0.046,0.0,0.0,0.7207254798379996,0.6304347826086957
queens_n12_satsuma_k140,queens_n12,satsuma,140,3.293,s,sat,7299.0,0.031,s,sat,False,False,7300.0,1.2429395687822653,0.935483870967742,0.5140140845070422,0.0,1,0.0,3.293,0.031,0.0,0.0,1.2429395687822653,0.935483870967742
queens_n13_dihedral_gen_k0,queens_n13,dihedral_gen,0,16.515,s,sat,73712.0,0.029,s,sat,False,False,73713.0,1.0,1.0,1.0,0.0,1,0.0,16.515,0.029,0.0,0.0,1.0,1.0
queens_n13_dihedral_gen_k33,queens_n13,dihedral_gen,33,17.965,s,sat,26834.0,0.048,s,sat,False,False,26835.0,0.9192875034789869,0.6041666666666666,0.3640384197959627,0.0020046234130859375,1,0.0020046234130859375,17.967004623413086,0.05000462341308594,0.00011157248829744727,0.040088761323644695,0.919184936284763,0.5799463733669646
queens_n13_dihedral_gen_k66,queens_n13,dihedral_gen,66,20.747,s,sat,26769.0,0.035,s,sat,False,False,26770.0,0.7960187014990119,0.8285714285714285,0.3631566095072715,0.0,1,0.0,20.747,0.035,0.0,0.0,0.7960187014990119,0.8285714285714285
queens_n13_dihedral_gen_k99,queens_n13,dihedral_gen,99,20.325,s,sat,26769.0,0.055,s,sat,False,False,26770.0,0.8125461254612547,0.5272727272727273,0.3631566095072715,0.0,1,0.0,20.325,0.055,0.0,0.0,0.8125461254612547,0.5272727272727273
queens_n13_dihedral_gen_k132,queens_n13,dihedral_gen,132,21.763,s,sat,26769.0,0.061,s,sat,False,False,26770.0,0.7588567752607637,0.4754098360655738,0.3631566095072715,0.031949758529663086,1,0.031949758529663086,21.794949758529665,0.09294975852966308,0.001465924853401382,0.3437314849986076,0.7577443482537368,0.31199650713180954
queens_n13_dihedral_gen_k165,queens_n13,dihedral_gen,165,15.307,s,sat,26769.0,0.055,s,sat,False,False,26770.0,1.078918142026524,0.5272727272727273,0.3631566095072715,0.032169342041015625,1,0.032169342041015625,15.339169342041016,0.08716934204101562,0.0020972023532491494,0.36904422228951833,1.0766554323601025,0.3326857737018904
queens_n13_satsuma_k0,queens_n13,satsuma,0,21.952,s,sat,73712.0,0.028,s,sat,False,False,73713.0,1.0,1.0,1.0,0.0,1,0.0,21.952,0.028,0.0,0.0,1.0,1.0
queens_n13_satsuma_k33,queens_n13,satsuma,33,20.937,s,sat,57010.0,0.052,s,sat,False,False,57011.0,1.0484787696422602,0.5384615384615385,0.7734154547427827,0.0,1,0.0,20.937,0.052,0.0,0.0,1.0484787696422602,0.5384615384615385
queens_n13_satsuma_k66,queens_n13,satsuma,66,20.079,s,sat,53692.0,0.045,s,sat,False,False,53693.0,1.0932815379251954,0.6222222222222222,0.7284024310831344,0.0,1,0.0,20.079,0.045,0.0,0.0,1.0932815379251954,0.6222222222222222
queens_n13_satsuma_k99,queens_n13,satsuma,99,10.625,s,sat,17484.0,0.042,s,sat,False,False,17485.0,2.066070588235294,0.6666666666666666,0.23719340134577815,0.0,1,0.0,10.625,0.042,0.0,0.0,2.066070588235294,0.6666666666666666
queens_n13_satsuma_k132,queens_n13,satsuma,132,11.182,s,sat,13876.0,0.053,s,sat,False,False,13877.0,1.9631550706492578,0.5283018867924528,0.18824614716735402,0.0,1,0.0,11.182,0.053,0.0,0.0,1.9631550706492578,0.5283018867924528
queens_n13_satsuma_k165,queens_n13,satsuma,165,8.781,s,sat,13869.0,0.051,s,sat,False,False,13870.0,2.499943058877121,0.5490196078431373,0.18815118298241806,0.0,1,0.0,8.781,0.051,0.0,0.0,2.499943058877121,0.5490196078431373
queens_n14_dihedral_gen_k0,queens_n14,dihedral_gen,0,201.898,s,sat,365596.0,0.033,s,sat,False,False,365597.0,1.0,1.0,1.0,0.0,1,0.0,201.898,0.033,0.0,0.0,1.0,1.0
queens_n14_dihedral_gen_k39,queens_n14,dihedral_gen,39,66.047,s,sat,132810.0,0.046,s,sat,False,False,132811.0,3.0568837343104156,0.7173913043478262,0.36326983883849934,0.0,1,0.0,66.047,0.046,0.0,0.0,3.0568837343104156,0.7173913043478262
queens_n14_dihedral_gen_k78,queens_n14,dihedral_gen,78,74.935,s,sat,132706.0,0.056,s,sat,False,False,132707.0,2.694308400613865,0.5892857142857143,0.36298537183120166,0.0,1,0.0,74.935,0.056,0.0,0.0,2.694308400613865,0.5892857142857143
queens_n14_dihedral_gen_k117,queens_n14,dihedral_gen,117,84.095,s,sat,132706.0,0.037,s,sat,False,False,132707.0,2.4008323919376897,0.891891891891892,0.36298537183120166,0.0,1,0.0,84.095,0.037,0.0,0.0,2.4008323919376897,0.891891891891892
queens_n14_dihedral_gen_k156,queens_n14,dihedral_gen,156,92.705,s,sat,132706.0,0.06,s,sat,False,False,132707.0,2.177854484655628,0.55,0.36298537183120166,0.015651226043701172,1,0.015651226043701172,92.7206512260437,0.07565122604370117,0.00016879978555742715,0.20688661456273008,2.177486863285643,0.4362123619904985
queens_n14_dihedral_gen_k195,queens_n14,dihedral_gen,195,90.375,s,sat,132706.0,0.061,s,sat,False,False,132707.0,2.234002766251729,0.5409836065573771,0.36298537183120166,0.047049522399902344,1,0.047049522399902344,90.4220495223999,0.10804952239990234,0.0005203324039701947,0.43544405708492856,2.232840342221889,0.30541551010159607
queens_n14_satsuma_k0,queens_n14,satsuma,0,155.235,s,sat,365596.0,0.047,s,sat,False,False,365597.0,1.0,1.0,1.0,0.0,1,0.0,155.235,0.047,0.0,0.0,1.0,1.0
queens_n14_satsuma_k39,queens_n14,satsuma,39,121.885,s,sat,300038.0,0.049,s,sat,False,False,300039.0,1.2736185748861633,0.9591836734693877,0.820681845534415,0.0,1,0.0,121.885,0.049,0.0,0.0,1.2736185748861633,0.9591836734693877
queens_n14_satsuma_k78,queens_n14,satsuma,78,131.482,s,sat,272914.0,0.029,s,sat,False,False,272915.0,1.1806559072724785,1.6206896551724137,0.7464906618234335,0.0,1,0.0,131.482,0.029,0.0,0.0,1.1806559072724785,1.6206896551724137
queens_n14_satsuma_k117,queens_n14,satsuma,117,110.686,s,sat,236479.0,0.049,s,sat,False,False,236480.0,1.4024808918923803,0.9591836734693877,0.6468314751802536,0.0,1,0.0,110.686,0.049,0.0,0.0,1.4024808918923803,0.9591836734693877
queens_n14_satsuma_k156,queens_n14,satsuma,156,76.664,s,sat,182964.0,0.03,s,sat,False,False,182965.0,2.0248747782531566,1.5666666666666667,0.500454053107802,0.0,1,0.0,76.664,0.03,0.0,0.0,2.0248747782531566,1.5666666666666667
queens_n14_satsuma_k195,queens_n14,satsuma,195,81.598,s,sat,159460.0,0.052,s,sat,False,False,159461.0,1.9024363342238781,0.9038461538461539,0.43616450945852797,0.0,1,0.0,81.598,0.052,0.0,0.0,1.9024363342238781,0.9038461538461539
rcsums_rc10_rcrand2_satsuma_k0,rcsums_rc10_rcrand2,satsuma,0,1.627,s,sat,3106080.0,0.005,s,sat,False,False,3106081.0,1.0,1.0,1.0,0.0,1,0.0,1.627,0.005,0.0,0.0,1.0,1.0
rcsums_rc10_rcrand2_satsuma_k22,rcsums_rc10_rcrand2,satsuma,22,2.345,s,sat,535302.0,0.005,s,sat,False,False,535303.0,0.6938166311300639,1.0,0.17234005563282337,0.00654149055480957,1,0.00654149055480957,2.3515414905548098,0.011541490554809571,0.0027817882784905517,0.5667803932035104,0.6918865801581645,0.4332196067964895
rcsums_rc10_rcrand2_satsuma_k44,rcsums_rc10_rcrand2,satsuma,44,2.046,s,sat,345937.0,0.003,s,sat,False,False,345938.0,0.7952101661779082,1.6666666666666667,0.11137414361510328,0.0,1,0.0,2.046,0.003,0.0,0.0,0.7952101661779082,1.6666666666666667
rcsums_rc10_rcrand2_satsuma_k66,rcsums_rc10_rcrand2,satsuma,66,1.669,s,sat,155772.0,0.005,s,sat,False,False,155773.0,0.9748352306770521,1.0,0.050150672229949005,0.0,1,0.0,1.669,0.005,0.0,0.0,0.9748352306770521,1.0
rcsums_rc10_rcrand2_satsuma_k88,rcsums_rc10_rcrand2,satsuma,88,1.577,s,sat,137739.0,0.006,s,sat,False,False,137740.0,1.031705770450222,0.8333333333333334,0.04434496213877299,0.0,1,0.0,1.577,0.006,0.0,0.0,1.031705770450222,0.8333333333333334
rcsums_rc10_rcrand2_satsuma_k110,rcsums_rc10_rcrand2,satsuma,110,1.412,s,sat,117495.0,0.007,s,sat,False,False,117496.0,1.1522662889518414,0.7142857142857143,0.037827422345850716,0.0,1,0.0,1.412,0.007,0.0,0.0,1.1522662889518414,0.7142857142857143
rcsums_rc10_rcrand2_sums_neighbors_k0,rcsums_rc10_rcrand2,sums_neighbors,0,1.422,s,sat,3106080.0,0.005,s,sat,False,False,3106081.0,1.0,1.0,1.0,0.0,1,0.0,1.422,0.005,0.0,0.0,1.0,1.0
rcsums_rc10_rcrand2_sums_neighbors_k22,rcsums_rc10_rcrand2,sums_neighbors,22,1.143,s,sat,237828.0,0.005,s,sat,False,False,237829.0,1.2440944881889764,1.0,0.07656853654767425,0.005011081695556641,1,0.005011081695556641,1.1480110816955567,0.010011081695556642,0.00436501160612101,0.5005534714376348,1.2386640013089203,0.49944652856236504
rcsums_rc10_rcrand2_sums_neighbors_k44,rcsums_rc10_rcrand2,sums_neighbors,44,0.168,s,sat,11679.0,0.005,s,sat,False,False,11680.0,8.464285714285714,1.0,0.0037600448153299335,0.015950679779052734,1,0.015950679779052734,0.18395067977905274,0.020950679779052735,0.08671171967514037,0.761344259340015,7.730332944178275,0.23865574065998493
rcsums_rc10_rcrand2_sums_neighbors_k66,rcsums_rc10_rcrand2,sums_neighbors,66,0.086,s,sat,370.0,0.004,s,sat,False,False,371.0,16.53488372093023,1.25,0.00011912120743831453,0.03173685073852539,1,0.03173685073852539,0.11773685073852538,0.035736850738525394,0.26955749656501204,0.888070719234141,12.077781859122709,0.1399116009573236
rcsums_rc10_rcrand2_sums_neighbors_k88,rcsums_rc10_rcrand2,sums_neighbors,88,0.081,s,sat,99.0,0.004,s,sat,False,False,100.0,17.555555555555554,1.25,3.187297171998145e-05,0.03142809867858887,1,0.03142809867858887,0.11242809867858887,0.03542809867858887,0.27953953725070085,0.8870952676210812,12.648083679376583,0.1411309154736484
rcsums_rc10_rcrand2_sums_neighbors_k110,rcsums_rc10_rcrand2,sums_neighbors,110,0.114,s,sat,87.0,0.007,s,sat,False,False,88.0,12.473684210526315,0.7142857142857143,2.8009581208468552e-05,0.04292106628417969,1,0.04292106628417969,0.15692106628417968,0.04992106628417969,0.27352010345412026,0.8597786361342536,9.061880814809133,0.10015811704696165
rcsums_rc10_rcrand5_satsuma_k0,rcsums_rc10_rcrand5,satsuma,0,7672.8,n,,,0.008,s,sat,True,False,,1.0,1.0,,0.0,1,0.0,7672.8,0.008,0.0,0.0,1.0,1.0
rcsums_rc10_rcrand5_satsuma_k22,rcsums_rc10_rcrand5,satsuma,22,2752.79,n,,,0.007,s,sat,True,False,,2.7872812673687424,1.1428571428571428,,0.005885601043701172,1,0.005885601043701172,2752.7958856010437,0.012885601043701171,2.1380448417867763e-06,0.45675797533543944,2.787275308036406,0.6208480281880693
rcsums_rc10_rcrand5_satsuma_k44,rcsums_rc10_rcrand5,satsuma,44,2685.79,n,,,0.007,s,sat,True,False,,2.856813079205746,1.1428571428571428,,0.0,1,0.0,2685.79,0.007,0.0,0.0,2.856813079205746,1.1428571428571428
rcsums_rc10_rcrand5_satsuma_k66,rcsums_rc10_rcrand5,satsuma,66,2892.4,n,,,0.007,s,sat,True,False,,2.65274512515558,1.1428571428571428,,0.0,1,0.0,2892.4,0.007,0.0,0.0,2.65274512515558,1.1428571428571428
rcsums_rc10_rcrand5_satsuma_k88,rcsums_rc10_rcrand5,satsuma,88,3353.48,n,,,0.005,s,sat,True,False,,2.288011259944893,1.6,,0.0,1,0.0,3353.48,0.005,0.0,0.0,2.288011259944893,1.6
rcsums_rc10_rcrand5_satsuma_k110,rcsums_rc10_rcrand5,satsuma,110,3373.29,n,,,0.004,s,sat,True,False,,2.2745746733900734,2.0,,0.0,1,0.0,3373.29,0.004,0.0,0.0,2.2745746733900734,2.0
rcsums_rc10_rcrand5_sums_neighbors_k0,rcsums_rc10_rcrand5,sums_neighbors,0,6793.3,n,,,0.01,s,sat,True,False,,1.0,1.0,,0.0,1,0.0,6793.3,0.01,0.0,0.0,1.0,1.0
rcsums_rc10_rcrand5_sums_neighbors_k22,rcsums_rc10_rcrand5,sums_neighbors,22,4659.35,n,,,0.008,s,sat,True,False,,1.4579930677025765,1.25,,0.0,1,0.0,4659.35,0.008,0.0,0.0,1.4579930677025765,1.25
rcsums_rc10_rcrand5_sums_neighbors_k44,rcsums_rc10_rcrand5,sums_neighbors,44,6429.4,n,,,0.009,s,sat,True,False,,1.0565993716365447,1.1111111111111112,,0.0,1,0.0,6429.4,0.009,0.0,0.0,1.0565993716365447,1.1111111111111112
rcsums_rc10_rcrand5_sums_neighbors_k66,rcsums_rc10_rcrand5,sums_neighbors,66,4492.69,n,,,0.01,s,sat,True,False,,1.512078509756961,1.0,,0.015879392623901367,1,0.015879392623901367,4492.7058793926235,0.02587939262390137,3.534483015400093e-06,0.6135921678948398,1.5120731653411503,0.38640783210516016
rcsums_rc10_rcrand5_sums_neighbors_k88,rcsums_rc10_rcrand5,sums_neighbors,88,5998.71,n,,,0.011,s,sat,True,False,,1.1324601455979701,0.9090909090909092,,0.015973329544067383,1,0.015973329544067383,5998.725973329544,0.026973329544067382,2.662787000954057e-06,0.5921897598133419,1.1324571300978155,0.370736581987871
rcsums_rc10_rcrand5_sums_neighbors_k110,rcsums_rc10_rcrand5,sums_neighbors,110,5601.33,n,,,0.004,s,sat,True,False,,1.2128012454184989,2.5,,0.03173017501831055,1,0.03173017501831055,5601.361730175018,0.03573017501831055,5.664725212688436e-06,0.8880498066983962,1.212794375232706,0.2798754832540094
rcsums_rc12_rcrand2_satsuma_k0,rcsums_rc12_rcrand2,satsuma,0,114.168,s,sat,39954600.0,0.006,s,sat,False,False,39954601.0,1.0,1.0,1.0,0.0,1,0.0,114.168,0.006,0.0,0.0,1.0,1.0
rcsums_rc12_rcrand2_satsuma_k31,rcsums_rc12_rcrand2,satsuma,31,62.47,s,sat,9512642.0,0.007,s,sat,False,False,9512643.0,1.8275652313110293,0.8571428571428571,0.23808627792544537,0.007073879241943359,1,0.007073879241943359,62.47707387924194,0.014073879241943359,0.00011322360031803061,0.5026246936140812,1.8273583077957243,0.4263216911879304
rcsums_rc12_rcrand2_satsuma_k62,rcsums_rc12_rcrand2,satsuma,62,29.375,s,sat,6773584.0,0.006,s,sat,False,False,6773585.0,3.8865702127659576,1.0,0.16953201884138497,0.0,1,0.0,29.375,0.006,0.0,0.0,3.8865702127659576,1.0
rcsums_rc12_rcrand2_satsuma_k93,rcsums_rc12_rcrand2,satsuma,93,27.578,s,sat,5912434.0,0.006,s,sat,False,False,5912435.0,4.139821596925086,1.0,0.1479788059447473,0.0,1,0.0,27.578,0.006,0.0,0.0,4.139821596925086,1.0
rcsums_rc12_rcrand2_satsuma_k124,rcsums_rc12_rcrand2,satsuma,124,30.323,s,sat,4725433.0,0.005,s,sat,False,False,4725434.0,3.7650628235992483,1.2,0.118270061519825,0.0,1,0.0,30.323,0.005,0.0,0.0,3.7650628235992483,1.2
rcsums_rc12_rcrand2_satsuma_k155,rcsums_rc12_rcrand2,satsuma,155,41.746,s,sat,4705432.0,0.006,s,sat,False,False,4705433.0,2.7348248934029606,1.0,0.11776946834657336,0.015986919403076172,1,0.015986919403076172,41.76198691940308,0.02198691940307617,0.00038281031584846536,0.7271104746415479,2.7337779742217267,0.27288952535845223
rcsums_rc12_rcrand2_sums_neighbors_k0,rcsums_rc12_rcrand2,sums_neighbors,0,186.307,s,sat,39954600.0,0.007,s,sat,False,False,39954601.0,1.0,1.0,1.0,0.0,1,0.0,186.307,0.007,0.0,0.0,1.0,1.0
rcsums_rc12_rcrand2_sums_neighbors_k31,rcsums_rc12_rcrand2,sums_neighbors,31,0.907,s,sat,1280520.0,0.005,s,sat,False,False,1280521.0,205.41014332965818,1.4,0.03204937604180745,0.01612377166748047,1,0.01612377166748047,0.9231237716674805,0.02112377166748047,0.017466532833788222,0.7632998463197092,201.82234031679758,0.3313802151524071
rcsums_rc12_rcrand2_sums_neighbors_k62,rcsums_rc12_rcrand2,sums_neighbors,62,0.24,s,sat,17640.0,0.009,s,sat,False,False,17641.0,776.2791666666667,0.7777777777777779,0.0004415011037527594,0.015902996063232422,1,0.015902996063232422,0.2559029960632324,0.024902996063232423,0.06214462631497627,0.6385977021741618,728.0375879380655,0.281090676086763
rcsums_rc12_rcrand2_sums_neighbors_k93,rcsums_rc12_rcrand2,sums_neighbors,93,0.148,s,sat,3124.0,0.008,s,sat,False,False,3125.0,1258.831081081081,0.875,7.818874422469503e-05,0.042914390563964844,1,0.042914390563964844,0.19091439056396484,0.050914390563964844,0.22478342484919495,0.8428734997829459,975.866719369061,0.13748568768992236
rcsums_rc12_rcrand2_sums_neighbors_k124,rcsums_rc12_rcrand2,sums_neighbors,124,0.111,s,sat,131.0,0.005,s,sat,False,False,132.0,1678.4414414414414,1.4,3.2787213487308094e-06,0.06735110282897949,1,0.06735110282897949,0.17835110282897948,0.0723511028289795,0.3776321074591971,0.9308925530572935,1044.6080626630574,0.09675042571978905
rcsums_rc12_rcrand2_sums_neighbors_k155,rcsums_rc12_rcrand2,sums_neighbors,155,0.115,s,sat,131.0,0.007,s,sat,False,False,132.0,1620.0608695652172,1.0,3.2787213487308094e-06,0.07893562316894531,1,0.07893562316894531,0.1939356231689453,0.08593562316894532,0.40701972066360004,0.9185436755809829,960.6641469767537,0.08145632441901696
rcsums_rc13_rcrand10_satsuma_k0,rcsums_rc13_rcrand10,satsuma,0,13804.6,n,,,0.03,s,sat,True,False,,1.0,1.0,,0.0,1,0.0,13804.6,0.03,0.0,0.0,1.0,1.0
rcsums_rc13_rcrand10_satsuma_k36,rcsums_rc13_rcrand10,satsuma,36,11246.5,n,,,0.031,s,sat,True,False,,1.227457431200818,0.9677419354838709,,0.0040895938873291016,1,0.0040895938873291016,11246.504089593887,0.0350895938873291,3.636324545609779e-07,0.11654719916282244,1.2274569848574595,0.854954323390817
rcsums_rc13_rcrand10_satsuma_k72,rcsums_rc13_rcrand10,satsuma,72,8053.12,n,,,0.017,s,sat,True,False,,1.7141927600731146,1.764705882352941,,0.0,1,0.0,8053.12,0.017,0.0,0.0,1.7141927600731146,1.764705882352941
rcsums_rc13_rcrand10_satsuma_k108,rcsums_rc13_rcrand10,satsuma,108,3803.01,n,,,0.02,s,sat,True,False,,3.6299141995419415,1.5,,0.0047223567962646484,1,0.0047223567962646484,3803.0147223567965,0.02472235679626465,1.2417403404996862e-06,0.1910156396164527,3.6299096921310476,1.213476540575321
rcsums_rc13_rcrand10_satsuma_k144,rcsums_rc13_rcrand10,satsuma,144,11510.7,n,,,0.089,s,sat,True,False,,1.1992841443178954,0.33707865168539325,,0.0040171146392822266,1,0.0040171146392822266,11510.70401711464,0.09301711463928222,3.489894825989268e-07,0.043186833464577835,1.1992837257803424,0.3225212920905917
rcsums_rc13_rcrand10_satsuma_k180,rcsums_rc13_rcrand10,satsuma,180,10495.4,n,,,0.045,s,sat,True,False,,1.315300036206338,0.6666666666666666,,0.0,1,0.0,10495.4,0.045,0.0,0.0,1.315300036206338,0.6666666666666666
rcsums_rc13_rcrand10_sums_neighbors_k0,rcsums_rc13_rcrand10,sums_neighbors,0,6782.52,n,,,0.017,s,sat,True,False,,1.0,1.0,,0.0,1,0.0,6782.52,0.017,0.0,0.0,1.0,1.0
rcsums_rc13_rcrand10_sums_neighbors_k36,rcsums_rc13_rcrand10,sums_neighbors,36,12505.1,n,,,0.024,s,sat,True,False,,0.5423803088339958,0.7083333333333334,,0.0,1,0.0,12505.1,0.024,0.0,0.0,0.5423803088339958,0.7083333333333334
rcsums_rc13_rcrand10_sums_neighbors_k72,rcsums_rc13_rcrand10,sums_neighbors,72,6978.63,n,,,0.033,s,sat,True,False,,0.9718984958365754,0.5151515151515151,,0.0,1,0.0,6978.63,0.033,0.0,0.0,0.9718984958365754,0.5151515151515151
rcsums_rc13_rcrand10_sums_neighbors_k108,rcsums_rc13_rcrand10,sums_neighbors,108,6003.49,n,,,0.031,s,sat,True,False,,1.1297628546062375,0.5483870967741936,,0.01560831069946289,1,0.01560831069946289,6003.505608310699,0.04660831069946289,2.5998660978772445e-06,0.33488256633259095,1.129759917374093,0.3647418184627727
rcsums_rc13_rcrand10_sums_neighbors_k144,rcsums_rc13_rcrand10,sums_neighbors,144,8831.5,n,,,0.016,s,sat,True,False,,0.7679918473645474,1.0625,,0.022992610931396484,1,0.022992610931396484,8831.522992610931,0.038992610931396485,2.6034706528685603e-06,0.5896658464817767,0.7679898479203111,0.43598003811311237
rcsums_rc13_rcrand10_sums_neighbors_k180,rcsums_rc13_rcrand10,sums_neighbors,180,5742.63,n,,,0.033,s,sat,True,False,,1.1810825353540104,0.5151515151515151,,0.03216886520385742,1,0.03216886520385742,5742.662168865204,0.06516886520385742,5.6017338749728766e-06,0.4936232218134943,1.1810759192439628,0.26086076452032114
rcsums_rc14_rcrand13_satsuma_k0,rcsums_rc14_rcrand13,satsuma,0,0.179,s,unsat,0.0,0.274,s,unsat,False,False,1.0,1.0,1.0,,0.0,1,0.0,0.179,0.274,0.0,0.0,1.0,1.0
rcsums_rc14_rcrand13_satsuma_k42,rcsums_rc14_rcrand13,satsuma,42,0.101,s,unsat,0.0,0.064,s,unsat,False,False,1.0,1.772277227722772,4.28125,,0.03172898292541504,1,0.03172898292541504,0.13272898292541505,0.09572898292541504,0.23905090076102398,0.3314459420313273,1.348612760037393,2.86224706067838
rcsums_rc14_rcrand13_satsuma_k84,rcsums_rc14_rcrand13,satsuma,84,0.06,s,unsat,0.0,0.038,s,unsat,False,False,1.0,2.9833333333333334,7.210526315789474,,0.0,1,0.0,0.06,0.038,0.0,0.0,2.9833333333333334,7.210526315789474
rcsums_rc14_rcrand13_satsuma_k126,rcsums_rc14_rcrand13,satsuma,126,0.177,s,unsat,0.0,0.067,s,unsat,False,False,1.0,1.0112994350282487,4.08955223880597,,0.0,1,0.0,0.177,0.067,0.0,0.0,1.0112994350282487,4.08955223880597
rcsums_rc14_rcrand13_satsuma_k168,rcsums_rc14_rcrand13,satsuma,168,0.099,s,unsat,0.0,0.067,s,unsat,False,False,1.0,1.808080808080808,4.08955223880597,,0.017070531845092773,1,0.017070531845092773,0.11607053184509278,0.08407053184509278,0.14707033364743283,0.20305012315785873,1.5421657603748435,3.259168153055921
rcsums_rc14_rcrand13_satsuma_k210,rcsums_rc14_rcrand13,satsuma,210,0.099,s,unsat,0.0,0.068,s,unsat,False,False,1.0,1.808080808080808,4.029411764705882,,0.0,1,0.0,0.099,0.068,0.0,0.0,1.808080808080808,4.029411764705882
rcsums_rc14_rcrand13_sums_neighbors_k0,rcsums_rc14_rcrand13,sums_neighbors,0,0.062,s,unsat,0.0,0.158,s,unsat,False,False,1.0,1.0,1.0,,0.0,1,0.0,0.062,0.158,0.0,0.0,1.0,1.0
rcsums_rc14_rcrand13_sums_neighbors_k42,rcsums_rc14_rcrand13,sums_neighbors,42,0.061,s,unsat,0.0,0.263,s,unsat,False,False,1.0,1.0163934426229508,0.6007604562737643,,0.006011486053466797,1,0.006011486053466797,0.0670114860534668,0.2690114860534668,0.08970829342107682,0.02234657761889021,0.9252145214408728,0.5873355161072826
rcsums_rc14_rcrand13_sums_neighbors_k84,rcsums_rc14_rcrand13,sums_neighbors,84,0.097,s,unsat,0.0,0.291,s,unsat,False,False,1.0,0.6391752577319587,0.5429553264604812,,0.009227752685546875,1,0.009227752685546875,0.10622775268554688,0.30022775268554686,0.08686762594764356,0.030735841716844403,0.5836516205283103,0.5262671374870742
rcsums_rc14_rcrand13_sums_neighbors_k126,rcsums_rc14_rcrand13,sums_neighbors,126,0.118,s,unsat,0.0,0.295,s,unsat,False,False,1.0,0.5254237288135594,0.535593220338983,,0.01569843292236328,1,0.01569843292236328,0.13369843292236328,0.31069843292236327,0.11741673091620403,0.05052627003846516,0.4637301922304691,0.5085316926573644
rcsums_rc14_rcrand13_sums_neighbors_k168,rcsums_rc14_rcrand13,sums_neighbors,168,0.097,s,unsat,0.0,0.271,s,unsat,False,False,1.0,0.6391752577319587,0.5830258302583026,,0.03158760070800781,1,0.03158760070800781,0.12858760070800782,0.30258760070800783,0.2456504401208622,0.10439158985397204,0.48216157435573753,0.5221628369117063
rcsums_rc14_rcrand13_sums_neighbors_k210,rcsums_rc14_rcrand13,sums_neighbors,210,0.119,s,unsat,0.0,0.262,s,unsat,False,False,1.0,0.5210084033613446,0.6030534351145038,,0.04140877723693848,1,0.04140877723693848,0.16040877723693847,0.3034087772369385,0.2581453331308293,0.13647850801824848,0.38651251551166876,0.5207496020347967
rcsums_rc15_rcrand3_satsuma_k0,rcsums_rc15_rcrand3,satsuma,0,13422.4,n,,,0.029,s,sat,True,False,,1.0,1.0,,0.0,1,0.0,13422.4,0.029,0.0,0.0,1.0,1.0
rcsums_rc15_rcrand3_satsuma_k48,rcsums_rc15_rcrand3,satsuma,48,12139.3,n,,,0.037,s,sat,True,False,,1.1056980221264818,0.7837837837837839,,0.03547096252441406,1,0.03547096252441406,12139.335470962524,0.07247096252441407,2.9219855245998553e-06,0.489450688784002,1.1056947912928665,0.4001602709530795
rcsums_rc15_rcrand3_satsuma_k96,rcsums_rc15_rcrand3,satsuma,96,7371.65,n,,,0.01,s,sat,True,False,,1.820813522074434,2.9,,0.00402069091796875,1,0.00402069091796875,7371.654020690918,0.01402069091796875,5.454258849755276e-07,0.2867683869142198,1.8208125289556072,2.068371677948763
rcsums_rc15_rcrand3_satsuma_k144,rcsums_rc15_rcrand3,satsuma,144,8431.12,n,,,0.008,s,sat,True,False,,1.5920067559232935,3.625,,0.0,1,0.0,8431.12,0.008,0.0,0.0,1.5920067559232935,3.625
rcsums_rc15_rcrand3_satsuma_k192,rcsums_rc15_rcrand3,satsuma,192,4586.9,n,,,0.006,s,sat,True,False,,2.9262464845538383,4.833333333333333,,0.016033411026000977,1,0.016033411026000977,4586.916033411026,0.022033411026000975,3.4954664330486666e-06,0.7276862854816453,2.926236255957477,1.3161829535053815
rcsums_rc15_rcrand3_satsuma_k240,rcsums_rc15_rcrand3,satsuma,240,4352.46,n,,,0.011,s,sat,True,False,,3.083865216452305,2.6363636363636367,,0.013758182525634766,1,0.013758182525634766,4352.473758182526,0.024758182525634765,3.1610029812976533e-06,0.5557024434806337,3.083855468345162,1.171329921732875
rcsums_rc15_rcrand3_sums_neighbors_k0,rcsums_rc15_rcrand3,sums_neighbors,0,11889.6,n,,,0.012,s,sat,True,False,,1.0,1.0,,0.0,1,0.0,11889.6,0.012,0.0,0.0,1.0,1.0
rcsums_rc15_rcrand3_sums_neighbors_k48,rcsums_rc15_rcrand3,sums_neighbors,48,7504.47,n,,,0.008,s,sat,True,False,,1.5843357359014028,1.5,,0.016033411026000977,1,0.016033411026000977,7504.486033411026,0.024033411026000977,2.136510209309202e-06,0.6671300635875176,1.584332350951928,0.4993049046187237
rcsums_rc15_rcrand3_sums_neighbors_k96,rcsums_rc15_rcrand3,sums_neighbors,96,4980.35,n,,,0.014,s,sat,True,False,,2.3873020972421615,0.8571428571428571,,0.05744123458862305,1,0.05744123458862305,4980.407441234589,0.07144123458862305,1.1533440841214386e-05,0.804034741552052,2.387274563434653,0.1679702215268126
rcsums_rc15_rcrand3_sums_neighbors_k144,rcsums_rc15_rcrand3,sums_neighbors,144,6942.06,n,,,0.026,s,sat,True,False,,1.712690469399573,0.46153846153846156,,0.10573887825012207,1,0.10573887825012207,6942.1657388782505,0.13173887825012207,1.5231396400974991e-05,0.8026398862252654,1.7126643827321213,0.09108928328064674
rcsums_rc15_rcrand3_sums_neighbors_k192,rcsums_rc15_rcrand3,sums_neighbors,192,4410.51,n,,,0.016,s,sat,True,False,,2.6957426692151247,0.75,,0.1569983959197998,1,0.1569983959197998,4410.66699839592,0.17299839591979982,3.5595159638416886e-05,0.9075135933201517,2.6956467138244697,0.06936480500988616
rcsums_rc15_rcrand3_sums_neighbors_k240,rcsums_rc15_rcrand3,sums_neighbors,240,3853.78,n,,,0.027,s,sat,True,False,,3.085178707658455,0.4444444444444445,,0.2356126308441162,1,0.2356126308441162,3854.0156126308443,0.26261263084411623,6.11343218413382e-05,0.8971869711170637,3.0849900973504027,0.04569467950352723
